CREATE TABLE IF NOT EXISTS "__EFMigrationsHistory" (
    "MigrationId" character varying(150) NOT NULL,
    "ProductVersion" character varying(32) NOT NULL,
    CONSTRAINT "PK___EFMigrationsHistory" PRIMARY KEY ("MigrationId")
);

START TRANSACTION;

CREATE TABLE "Allergens" (
    "Id" integer GENERATED BY DEFAULT AS IDENTITY,
    "Name" text NULL,
    CONSTRAINT "PK_Allergens" PRIMARY KEY ("Id")
);

CREATE TABLE "Appointments" (
    "Id" integer GENERATED BY DEFAULT AS IDENTITY,
    "PatientId" integer NOT NULL,
    "DoctorId" integer NOT NULL,
    "RoomId" integer NOT NULL,
    "isCancelled" boolean NOT NULL,
    "isDone" boolean NOT NULL,
    "Date" timestamp without time zone NOT NULL,
    "SurveyId" integer NOT NULL,
    CONSTRAINT "PK_Appointments" PRIMARY KEY ("Id")
);

CREATE TABLE "Buildings" (
    "Id" integer GENERATED BY DEFAULT AS IDENTITY,
    "Name" text NULL,
    "Type" integer NOT NULL,
    "X" real NOT NULL,
    "Y" real NOT NULL,
    "Width" real NOT NULL,
    "Height" real NOT NULL,
    CONSTRAINT "PK_Buildings" PRIMARY KEY ("Id")
);

CREATE TABLE "CanceledAppointments" (
    "PatientId" integer NOT NULL,
    "AppointmentId" integer NOT NULL,
    "DateOfCancellation" timestamp without time zone NOT NULL,
    CONSTRAINT "PK_CanceledAppointments" PRIMARY KEY ("PatientId", "AppointmentId")
);

CREATE TABLE "Doctors" (
    "Id" integer GENERATED BY DEFAULT AS IDENTITY,
    "WorkShift" integer NOT NULL,
    "Specialty" text NULL,
    "PrimaryRoom" integer NOT NULL,
    "Name" text NULL,
    "Surname" text NULL,
    "BirthDate" timestamp without time zone NOT NULL,
    "Phone" text NULL,
    "Username" text NULL,
    "Email" text NULL,
    "Gender" text NULL,
    "Password" text NULL,
    "Address" text NULL,
    "Salary" double precision NOT NULL,
    "EmploymentDate" timestamp without time zone NOT NULL,
    CONSTRAINT "PK_Doctors" PRIMARY KEY ("Id")
);

CREATE TABLE "Equipments" (
    "Id" integer GENERATED BY DEFAULT AS IDENTITY,
    "Name" text NULL,
    "Type" integer NOT NULL,
    "Quantity" integer NOT NULL,
    "RoomId" integer NOT NULL,
    CONSTRAINT "PK_Equipments" PRIMARY KEY ("Id")
);

CREATE TABLE "FeedbackMessages" (
    "Id" integer GENERATED BY DEFAULT AS IDENTITY,
    "Date" timestamp without time zone NOT NULL,
    "Text" text NULL,
    "IsAnonymous" boolean NOT NULL,
    "Identity" text NULL,
    "CanBePublished" boolean NOT NULL,
    "IsPublished" boolean NOT NULL,
    CONSTRAINT "PK_FeedbackMessages" PRIMARY KEY ("Id")
);

CREATE TABLE "Floors" (
    "Id" integer GENERATED BY DEFAULT AS IDENTITY,
    "Name" text NULL,
    "BuildingId" integer NOT NULL,
    "X" real NOT NULL,
    "Y" real NOT NULL,
    "Width" real NOT NULL,
    "Height" real NOT NULL,
    CONSTRAINT "PK_Floors" PRIMARY KEY ("Id")
);

CREATE TABLE "Renovations" (
    "Id" integer GENERATED BY DEFAULT AS IDENTITY,
    "FirstRoomId" integer NOT NULL,
    "SecondRoomId" integer NOT NULL,
    "Date" timestamp without time zone NOT NULL,
    "Duration" integer NOT NULL,
    "Type" integer NOT NULL,
    CONSTRAINT "PK_Renovations" PRIMARY KEY ("Id")
);

CREATE TABLE "Rooms" (
    "Id" integer GENERATED BY DEFAULT AS IDENTITY,
    "Type" integer NOT NULL,
    "Name" text NULL,
    "Description" text NULL,
    "FloorId" integer NOT NULL,
    "X" real NOT NULL,
    "Y" real NOT NULL,
    "Width" real NOT NULL,
    "Height" real NOT NULL,
    CONSTRAINT "PK_Rooms" PRIMARY KEY ("Id")
);

CREATE TABLE "Transfer" (
    "Id" integer GENERATED BY DEFAULT AS IDENTITY,
    "Equipment" text NULL,
    "Quantity" integer NOT NULL,
    "SourceRoomId" integer NOT NULL,
    "DestinationRoomId" integer NOT NULL,
    "Date" timestamp without time zone NOT NULL,
    "Duration" integer NOT NULL,
    CONSTRAINT "PK_Transfer" PRIMARY KEY ("Id")
);

CREATE TABLE "Surveys" (
    "Id" integer GENERATED BY DEFAULT AS IDENTITY,
    "AppointmentId" integer NOT NULL,
    "Done" boolean NOT NULL,
    CONSTRAINT "PK_Surveys" PRIMARY KEY ("Id"),
    CONSTRAINT "FK_Surveys_Appointments_AppointmentId" FOREIGN KEY ("AppointmentId") REFERENCES "Appointments" ("Id") ON DELETE CASCADE
);

CREATE TABLE "Day" (
    "DayId" integer GENERATED BY DEFAULT AS IDENTITY,
    "Spec_Day" timestamp without time zone NOT NULL,
    "DoctorId" integer NOT NULL,
    CONSTRAINT "PK_Day" PRIMARY KEY ("DayId"),
    CONSTRAINT "FK_Day_Doctors_DoctorId" FOREIGN KEY ("DoctorId") REFERENCES "Doctors" ("Id") ON DELETE CASCADE
);

CREATE TABLE "Patients" (
    "Id" integer GENERATED BY DEFAULT AS IDENTITY,
    "ParentName" text NULL,
    "DateOfRegistration" timestamp without time zone NOT NULL,
    "IsBlocked" boolean NOT NULL,
    "IsActive" boolean NOT NULL,
    "BloodType" text NULL,
    "Name" text NULL,
    "Surname" text NULL,
    "BirthDate" timestamp without time zone NOT NULL,
    "Phone" text NULL,
    "Email" text NULL,
    "Gender" text NULL,
    "Username" text NULL,
    "Password" text NULL,
    "Address" text NULL,
    "EmploymentStatus" text NULL,
    "Hashcode" text NULL,
    "DoctorId" integer NOT NULL,
    CONSTRAINT "PK_Patients" PRIMARY KEY ("Id"),
    CONSTRAINT "FK_Patients_Doctors_DoctorId" FOREIGN KEY ("DoctorId") REFERENCES "Doctors" ("Id") ON DELETE CASCADE
);

CREATE TABLE "WorkDay" (
    "Id" integer GENERATED BY DEFAULT AS IDENTITY,
    "Day" integer NOT NULL,
    "StartTime" timestamp without time zone NOT NULL,
    "EndTime" timestamp without time zone NOT NULL,
    "DoctorId" integer NULL,
    CONSTRAINT "PK_WorkDay" PRIMARY KEY ("Id"),
    CONSTRAINT "FK_WorkDay_Doctors_DoctorId" FOREIGN KEY ("DoctorId") REFERENCES "Doctors" ("Id") ON DELETE RESTRICT
);

CREATE TABLE "SurveyCategories" (
    "Id" integer GENERATED BY DEFAULT AS IDENTITY,
    "Name" text NULL,
    "SurveyId" integer NOT NULL,
    CONSTRAINT "PK_SurveyCategories" PRIMARY KEY ("Id"),
    CONSTRAINT "FK_SurveyCategories_Surveys_SurveyId" FOREIGN KEY ("SurveyId") REFERENCES "Surveys" ("Id") ON DELETE CASCADE
);

CREATE TABLE "AllergenForPatients" (
    "PatientId" integer NOT NULL,
    "AllergenId" integer NOT NULL,
    "Name" text NULL,
    CONSTRAINT "PK_AllergenForPatients" PRIMARY KEY ("PatientId", "AllergenId"),
    CONSTRAINT "FK_AllergenForPatients_Patients_PatientId" FOREIGN KEY ("PatientId") REFERENCES "Patients" ("Id") ON DELETE CASCADE
);

CREATE TABLE "Prescriptions" (
    "Id" integer GENERATED BY DEFAULT AS IDENTITY,
    "Diagnosis" text NULL,
    "Medicine" text NULL,
    "Quantity" integer NOT NULL,
    "Date" timestamp without time zone NOT NULL,
    "PatientId" integer NOT NULL,
    CONSTRAINT "PK_Prescriptions" PRIMARY KEY ("Id"),
    CONSTRAINT "FK_Prescriptions_Patients_PatientId" FOREIGN KEY ("PatientId") REFERENCES "Patients" ("Id") ON DELETE CASCADE
);

CREATE TABLE "SurveyQuestions" (
    "Id" integer GENERATED BY DEFAULT AS IDENTITY,
    "Content" text NULL,
    "Grade" integer NOT NULL,
    "SurveyCategoryId" integer NOT NULL,
    CONSTRAINT "PK_SurveyQuestions" PRIMARY KEY ("Id"),
    CONSTRAINT "FK_SurveyQuestions_SurveyCategories_SurveyCategoryId" FOREIGN KEY ("SurveyCategoryId") REFERENCES "SurveyCategories" ("Id") ON DELETE CASCADE
);

INSERT INTO "Allergens" ("Id", "Name")
VALUES (10, 'Školjke');
INSERT INTO "Allergens" ("Id", "Name")
VALUES (8, 'Kravlje mleko');
INSERT INTO "Allergens" ("Id", "Name")
VALUES (7, 'Kikiriki');
INSERT INTO "Allergens" ("Id", "Name")
VALUES (6, 'Lateks');
INSERT INTO "Allergens" ("Id", "Name")
VALUES (5, 'Mačija dlaka');
INSERT INTO "Allergens" ("Id", "Name")
VALUES (9, 'Jaja');
INSERT INTO "Allergens" ("Id", "Name")
VALUES (3, 'Aspirin');
INSERT INTO "Allergens" ("Id", "Name")
VALUES (2, 'Ibuprofen');
INSERT INTO "Allergens" ("Id", "Name")
VALUES (1, 'Polen ambrozije');
INSERT INTO "Allergens" ("Id", "Name")
VALUES (4, 'Penicilin');

INSERT INTO "Appointments" ("Id", "Date", "DoctorId", "PatientId", "RoomId", "SurveyId", "isCancelled", "isDone")
VALUES (3, TIMESTAMP '2022-02-22 08:00:00', 1, 3, 1, 3, FALSE, FALSE);
INSERT INTO "Appointments" ("Id", "Date", "DoctorId", "PatientId", "RoomId", "SurveyId", "isCancelled", "isDone")
VALUES (1, TIMESTAMP '2022-02-22 07:00:00', 1, 1, 1, 1, FALSE, FALSE);
INSERT INTO "Appointments" ("Id", "Date", "DoctorId", "PatientId", "RoomId", "SurveyId", "isCancelled", "isDone")
VALUES (10, TIMESTAMP '2021-02-22 11:30:00', 2, 1, 2, 10, FALSE, TRUE);
INSERT INTO "Appointments" ("Id", "Date", "DoctorId", "PatientId", "RoomId", "SurveyId", "isCancelled", "isDone")
VALUES (9, TIMESTAMP '2022-02-22 11:00:00', 1, 1, 1, 9, FALSE, FALSE);
INSERT INTO "Appointments" ("Id", "Date", "DoctorId", "PatientId", "RoomId", "SurveyId", "isCancelled", "isDone")
VALUES (8, TIMESTAMP '2022-02-22 10:30:00', 1, 8, 1, 8, FALSE, FALSE);
INSERT INTO "Appointments" ("Id", "Date", "DoctorId", "PatientId", "RoomId", "SurveyId", "isCancelled", "isDone")
VALUES (7, TIMESTAMP '2022-02-22 10:00:00', 1, 7, 1, 7, FALSE, FALSE);
INSERT INTO "Appointments" ("Id", "Date", "DoctorId", "PatientId", "RoomId", "SurveyId", "isCancelled", "isDone")
VALUES (6, TIMESTAMP '2022-02-22 09:30:00', 1, 6, 1, 6, FALSE, FALSE);
INSERT INTO "Appointments" ("Id", "Date", "DoctorId", "PatientId", "RoomId", "SurveyId", "isCancelled", "isDone")
VALUES (5, TIMESTAMP '2022-02-22 09:00:00', 1, 5, 1, 5, FALSE, FALSE);
INSERT INTO "Appointments" ("Id", "Date", "DoctorId", "PatientId", "RoomId", "SurveyId", "isCancelled", "isDone")
VALUES (4, TIMESTAMP '2022-02-22 08:30:00', 1, 4, 1, 4, FALSE, FALSE);
INSERT INTO "Appointments" ("Id", "Date", "DoctorId", "PatientId", "RoomId", "SurveyId", "isCancelled", "isDone")
VALUES (2, TIMESTAMP '2022-02-22 07:30:00', 1, 2, 1, 2, FALSE, FALSE);

INSERT INTO "Buildings" ("Id", "Height", "Name", "Type", "Width", "X", "Y")
VALUES (1, 140, 'Building1', 0, 400, 260, 30);
INSERT INTO "Buildings" ("Id", "Height", "Name", "Type", "Width", "X", "Y")
VALUES (7, 70, 'Parking3', 1, 200, 800, 130);
INSERT INTO "Buildings" ("Id", "Height", "Name", "Type", "Width", "X", "Y")
VALUES (6, 70, 'Parking2', 1, 200, 800, 30);
INSERT INTO "Buildings" ("Id", "Height", "Name", "Type", "Width", "X", "Y")
VALUES (5, 70, 'Parking1', 1, 200, 30, 30);
INSERT INTO "Buildings" ("Id", "Height", "Name", "Type", "Width", "X", "Y")
VALUES (4, 140, 'Building4', 0, 300, 700, 230);
INSERT INTO "Buildings" ("Id", "Height", "Name", "Type", "Width", "X", "Y")
VALUES (3, 240, 'Building3', 0, 180, 30, 130);
INSERT INTO "Buildings" ("Id", "Height", "Name", "Type", "Width", "X", "Y")
VALUES (2, 140, 'Building2', 0, 400, 260, 230);

INSERT INTO "CanceledAppointments" ("AppointmentId", "PatientId", "DateOfCancellation")
VALUES (1764, 1, TIMESTAMP '2021-11-11 00:00:00');
INSERT INTO "CanceledAppointments" ("AppointmentId", "PatientId", "DateOfCancellation")
VALUES (1765, 1, TIMESTAMP '2021-11-21 00:00:00');
INSERT INTO "CanceledAppointments" ("AppointmentId", "PatientId", "DateOfCancellation")
VALUES (1763, 1, TIMESTAMP '2021-11-30 00:00:00');
INSERT INTO "CanceledAppointments" ("AppointmentId", "PatientId", "DateOfCancellation")
VALUES (1766, 1, TIMESTAMP '2021-11-01 00:00:00');
INSERT INTO "CanceledAppointments" ("AppointmentId", "PatientId", "DateOfCancellation")
VALUES (1777, 1, TIMESTAMP '2021-11-22 00:00:00');
INSERT INTO "CanceledAppointments" ("AppointmentId", "PatientId", "DateOfCancellation")
VALUES (1767, 16, TIMESTAMP '2021-12-08 00:00:00');
INSERT INTO "CanceledAppointments" ("AppointmentId", "PatientId", "DateOfCancellation")
VALUES (1768, 16, TIMESTAMP '2021-12-06 00:00:00');
INSERT INTO "CanceledAppointments" ("AppointmentId", "PatientId", "DateOfCancellation")
VALUES (1870, 1, TIMESTAMP '2021-11-22 00:00:00');
INSERT INTO "CanceledAppointments" ("AppointmentId", "PatientId", "DateOfCancellation")
VALUES (1799, 2, TIMESTAMP '2021-11-11 00:00:00');
INSERT INTO "CanceledAppointments" ("AppointmentId", "PatientId", "DateOfCancellation")
VALUES (1780, 16, TIMESTAMP '2021-11-21 00:00:00');
INSERT INTO "CanceledAppointments" ("AppointmentId", "PatientId", "DateOfCancellation")
VALUES (1769, 16, TIMESTAMP '2021-12-07 00:00:00');

INSERT INTO "Doctors" ("Id", "Address", "BirthDate", "Email", "EmploymentDate", "Gender", "Name", "Password", "Phone", "PrimaryRoom", "Salary", "Specialty", "Surname", "Username", "WorkShift")
VALUES (1, 'Brace Radica 15', TIMESTAMP '1981-05-06 00:00:00', 'nikolanikolic@gmail.com', TIMESTAMP '2021-06-10 00:00:00', 'male', 'Nikola', 'nikola', '0697856665', 1, 80000.0, 'General medicine', 'Nikolic', 'nikola', 0);
INSERT INTO "Doctors" ("Id", "Address", "BirthDate", "Email", "EmploymentDate", "Gender", "Name", "Password", "Phone", "PrimaryRoom", "Salary", "Specialty", "Surname", "Username", "WorkShift")
VALUES (4, 'Mike Antice 5', TIMESTAMP '1968-01-08 00:00:00', 'dragana@gmail.com', TIMESTAMP '2017-03-10 00:00:00', 'female', 'Dragana', 'dragana', '0697856665', 4, 80000.0, 'Surgery', 'Zoric', 'dragana', 1);
INSERT INTO "Doctors" ("Id", "Address", "BirthDate", "Email", "EmploymentDate", "Gender", "Name", "Password", "Phone", "PrimaryRoom", "Salary", "Specialty", "Surname", "Username", "WorkShift")
VALUES (3, 'Bulevar Oslobodjenja 5', TIMESTAMP '1986-04-06 00:00:00', 'jozika@gmail.com', TIMESTAMP '2011-03-10 00:00:00', 'male', 'Jozef', 'jozef', '0697856665', 3, 80000.0, 'General medicine', 'Sivc', 'jozef', 0);
INSERT INTO "Doctors" ("Id", "Address", "BirthDate", "Email", "EmploymentDate", "Gender", "Name", "Password", "Phone", "PrimaryRoom", "Salary", "Specialty", "Surname", "Username", "WorkShift")
VALUES (2, 'Bogoboja Atanackovica 5', TIMESTAMP '1986-04-06 00:00:00', 'markoradic@gmail.com', TIMESTAMP '2020-06-07 00:00:00', 'male', 'Marko', 'marko', '0697856665', 2, 80000.0, 'General medicine', 'Radic', 'marko', 0);
INSERT INTO "Doctors" ("Id", "Address", "BirthDate", "Email", "EmploymentDate", "Gender", "Name", "Password", "Phone", "PrimaryRoom", "Salary", "Specialty", "Surname", "Username", "WorkShift")
VALUES (5, 'Pariske Komune 35', TIMESTAMP '1978-11-07 00:00:00', 'mile@gmail.com', TIMESTAMP '2007-03-10 00:00:00', 'male', 'Mile', 'mile', '0697856665', 5, 80000.0, 'Surgery', 'Grandic', 'mile', 1);
INSERT INTO "Doctors" ("Id", "Address", "BirthDate", "Email", "EmploymentDate", "Gender", "Name", "Password", "Phone", "PrimaryRoom", "Salary", "Specialty", "Surname", "Username", "WorkShift")
VALUES (6, 'Pariske Komune 85', TIMESTAMP '1968-06-07 00:00:00', 'misa@gmail.com', TIMESTAMP '2006-03-10 00:00:00', 'male', 'Misa', 'misa', '0697856665', 6, 80000.0, 'General medicine', 'Bradina', 'misa', 1);

INSERT INTO "Equipments" ("Id", "Name", "Quantity", "RoomId", "Type")
VALUES (38, 'TV', 3, 45, 0);
INSERT INTO "Equipments" ("Id", "Name", "Quantity", "RoomId", "Type")
VALUES (6, 'Bed', 2, 2, 0);
INSERT INTO "Equipments" ("Id", "Name", "Quantity", "RoomId", "Type")
VALUES (7, 'Needle', 3, 2, 1);
INSERT INTO "Equipments" ("Id", "Name", "Quantity", "RoomId", "Type")
VALUES (8, 'TV', 3, 4, 0);
INSERT INTO "Equipments" ("Id", "Name", "Quantity", "RoomId", "Type")
VALUES (9, 'Bandage', 5, 4, 1);
INSERT INTO "Equipments" ("Id", "Name", "Quantity", "RoomId", "Type")
VALUES (10, 'Blanket', 2, 4, 0);
INSERT INTO "Equipments" ("Id", "Name", "Quantity", "RoomId", "Type")
VALUES (11, 'Bed', 25, 8, 0);
INSERT INTO "Equipments" ("Id", "Name", "Quantity", "RoomId", "Type")
VALUES (12, 'Needle', 3, 9, 1);
INSERT INTO "Equipments" ("Id", "Name", "Quantity", "RoomId", "Type")
VALUES (14, 'Bandage', 6, 11, 1);
INSERT INTO "Equipments" ("Id", "Name", "Quantity", "RoomId", "Type")
VALUES (15, 'Blanket', 5, 11, 0);
INSERT INTO "Equipments" ("Id", "Name", "Quantity", "RoomId", "Type")
VALUES (16, 'Bed', 26, 15, 0);
INSERT INTO "Equipments" ("Id", "Name", "Quantity", "RoomId", "Type")
VALUES (17, 'Needle', 23, 17, 1);
INSERT INTO "Equipments" ("Id", "Name", "Quantity", "RoomId", "Type")
VALUES (18, 'TV', 1, 17, 0);
INSERT INTO "Equipments" ("Id", "Name", "Quantity", "RoomId", "Type")
VALUES (19, 'Bandage', 120, 17, 1);
INSERT INTO "Equipments" ("Id", "Name", "Quantity", "RoomId", "Type")
VALUES (20, 'Blanket', 52, 18, 0);
INSERT INTO "Equipments" ("Id", "Name", "Quantity", "RoomId", "Type")
VALUES (21, 'Bed', 1, 20, 0);
INSERT INTO "Equipments" ("Id", "Name", "Quantity", "RoomId", "Type")
VALUES (22, 'Needle', 1, 22, 1);
INSERT INTO "Equipments" ("Id", "Name", "Quantity", "RoomId", "Type")
VALUES (36, 'Bed', 9, 43, 0);
INSERT INTO "Equipments" ("Id", "Name", "Quantity", "RoomId", "Type")
VALUES (37, 'Needle', 9, 43, 1);
INSERT INTO "Equipments" ("Id", "Name", "Quantity", "RoomId", "Type")
VALUES (35, 'Blanket', 9, 40, 0);
INSERT INTO "Equipments" ("Id", "Name", "Quantity", "RoomId", "Type")
VALUES (34, 'Bandage', 1, 40, 1);
INSERT INTO "Equipments" ("Id", "Name", "Quantity", "RoomId", "Type")
VALUES (33, 'TV', 3, 40, 0);
INSERT INTO "Equipments" ("Id", "Name", "Quantity", "RoomId", "Type")
VALUES (32, 'Needle', 4, 36, 1);
INSERT INTO "Equipments" ("Id", "Name", "Quantity", "RoomId", "Type")
VALUES (31, 'Bed', 7, 36, 0);
INSERT INTO "Equipments" ("Id", "Name", "Quantity", "RoomId", "Type")
VALUES (5, 'Blanket', 5, 1, 0);
INSERT INTO "Equipments" ("Id", "Name", "Quantity", "RoomId", "Type")
VALUES (30, 'Blanket', 4, 30, 0);
INSERT INTO "Equipments" ("Id", "Name", "Quantity", "RoomId", "Type")
VALUES (28, 'TV', 2, 29, 0);
INSERT INTO "Equipments" ("Id", "Name", "Quantity", "RoomId", "Type")
VALUES (27, 'Needle', 2, 26, 1);
INSERT INTO "Equipments" ("Id", "Name", "Quantity", "RoomId", "Type")
VALUES (26, 'Bed', 3, 26, 0);
INSERT INTO "Equipments" ("Id", "Name", "Quantity", "RoomId", "Type")
VALUES (25, 'Blanket', 1, 23, 0);
INSERT INTO "Equipments" ("Id", "Name", "Quantity", "RoomId", "Type")
VALUES (24, 'Bandage', 1, 23, 1);
INSERT INTO "Equipments" ("Id", "Name", "Quantity", "RoomId", "Type")
VALUES (23, 'TV', 1, 22, 0);
INSERT INTO "Equipments" ("Id", "Name", "Quantity", "RoomId", "Type")
VALUES (29, 'Bandage', 4, 30, 1);
INSERT INTO "Equipments" ("Id", "Name", "Quantity", "RoomId", "Type")
VALUES (4, 'Bandage', 10, 1, 1);
INSERT INTO "Equipments" ("Id", "Name", "Quantity", "RoomId", "Type")
VALUES (13, 'TV', 4, 9, 0);
INSERT INTO "Equipments" ("Id", "Name", "Quantity", "RoomId", "Type")
VALUES (2, 'Needle', 25, 1, 1);
INSERT INTO "Equipments" ("Id", "Name", "Quantity", "RoomId", "Type")
VALUES (3, 'TV', 1, 1, 0);
INSERT INTO "Equipments" ("Id", "Name", "Quantity", "RoomId", "Type")
VALUES (51, 'Bed', 17, 65, 0);
INSERT INTO "Equipments" ("Id", "Name", "Quantity", "RoomId", "Type")
VALUES (52, 'Needle', 17, 66, 1);
INSERT INTO "Equipments" ("Id", "Name", "Quantity", "RoomId", "Type")
VALUES (53, 'TV', 2, 68, 0);
INSERT INTO "Equipments" ("Id", "Name", "Quantity", "RoomId", "Type")
VALUES (54, 'Bandage', 17, 69, 1);
INSERT INTO "Equipments" ("Id", "Name", "Quantity", "RoomId", "Type")
VALUES (55, 'Blanket', 17, 69, 0);
INSERT INTO "Equipments" ("Id", "Name", "Quantity", "RoomId", "Type")
VALUES (50, 'Blanket', 13, 65, 0);
INSERT INTO "Equipments" ("Id", "Name", "Quantity", "RoomId", "Type")
VALUES (49, 'Bandage', 13, 62, 1);
INSERT INTO "Equipments" ("Id", "Name", "Quantity", "RoomId", "Type")
VALUES (47, 'Needle', 13, 60, 1);
INSERT INTO "Equipments" ("Id", "Name", "Quantity", "RoomId", "Type")
VALUES (48, 'TV', 2, 62, 0);
INSERT INTO "Equipments" ("Id", "Name", "Quantity", "RoomId", "Type")
VALUES (45, 'Blanket', 15, 55, 0);
INSERT INTO "Equipments" ("Id", "Name", "Quantity", "RoomId", "Type")
VALUES (44, 'Bandage', 11, 55, 1);
INSERT INTO "Equipments" ("Id", "Name", "Quantity", "RoomId", "Type")
VALUES (43, 'TV', 1, 52, 0);
INSERT INTO "Equipments" ("Id", "Name", "Quantity", "RoomId", "Type")
VALUES (42, 'Needle', 4, 51, 1);
INSERT INTO "Equipments" ("Id", "Name", "Quantity", "RoomId", "Type")
VALUES (41, 'Bed', 7, 50, 0);
INSERT INTO "Equipments" ("Id", "Name", "Quantity", "RoomId", "Type")
VALUES (40, 'Blanket', 9, 47, 0);
INSERT INTO "Equipments" ("Id", "Name", "Quantity", "RoomId", "Type")
VALUES (39, 'Bandage', 9, 47, 1);
INSERT INTO "Equipments" ("Id", "Name", "Quantity", "RoomId", "Type")
VALUES (1, 'Bed', 5, 1, 0);
INSERT INTO "Equipments" ("Id", "Name", "Quantity", "RoomId", "Type")
VALUES (46, 'Bed', 13, 60, 0);

INSERT INTO "FeedbackMessages" ("Id", "CanBePublished", "Date", "Identity", "IsAnonymous", "IsPublished", "Text")
VALUES (4, TRUE, TIMESTAMP '2021-05-20 09:10:21', 'UrosDevic0', FALSE, FALSE, 'Odlični lekari.');
INSERT INTO "FeedbackMessages" ("Id", "CanBePublished", "Date", "Identity", "IsAnonymous", "IsPublished", "Text")
VALUES (1, TRUE, TIMESTAMP '2021-04-29 18:34:21', 'acaNikolic', FALSE, FALSE, 'Zadovoljan sam uslugom.');
INSERT INTO "FeedbackMessages" ("Id", "CanBePublished", "Date", "Identity", "IsAnonymous", "IsPublished", "Text")
VALUES (2, TRUE, TIMESTAMP '2021-06-21 14:21:56', 'NikolaTodorovic94', TRUE, FALSE, 'Čekanje je moglo biti kraće.');
INSERT INTO "FeedbackMessages" ("Id", "CanBePublished", "Date", "Identity", "IsAnonymous", "IsPublished", "Text")
VALUES (5, TRUE, TIMESTAMP '2021-09-30 07:50:19', 'MladenAlicic1', FALSE, TRUE, 'Savremena bolnica koju bih preporučio ljudima.');
INSERT INTO "FeedbackMessages" ("Id", "CanBePublished", "Date", "Identity", "IsAnonymous", "IsPublished", "Text")
VALUES (3, FALSE, TIMESTAMP '2021-02-16 11:08:47', 'MarijaPopovic', FALSE, FALSE, 'Informacionom sistemu potrebne su određene popravke.');
INSERT INTO "FeedbackMessages" ("Id", "CanBePublished", "Date", "Identity", "IsAnonymous", "IsPublished", "Text")
VALUES (7, TRUE, TIMESTAMP '2021-09-30 07:50:19', 'JovanaGugl', FALSE, TRUE, 'Savremena bolnica koju bih preporučio ljudima.');
INSERT INTO "FeedbackMessages" ("Id", "CanBePublished", "Date", "Identity", "IsAnonymous", "IsPublished", "Text")
VALUES (8, TRUE, TIMESTAMP '2021-09-30 07:50:19', 'RatkoVarda8', FALSE, TRUE, 'Savremena bolnica koju bih preporučio ljudima.');
INSERT INTO "FeedbackMessages" ("Id", "CanBePublished", "Date", "Identity", "IsAnonymous", "IsPublished", "Text")
VALUES (6, TRUE, TIMESTAMP '2021-09-30 07:50:19', 'IvanJovanovic', FALSE, TRUE, 'Savremena bolnica koju bih preporučio ljudima.');

INSERT INTO "Floors" ("Id", "BuildingId", "Height", "Name", "Width", "X", "Y")
VALUES (1, 1, 0, 'Floor 1', 0, 0, 0);
INSERT INTO "Floors" ("Id", "BuildingId", "Height", "Name", "Width", "X", "Y")
VALUES (2, 1, 0, 'Floor 2', 0, 0, 0);
INSERT INTO "Floors" ("Id", "BuildingId", "Height", "Name", "Width", "X", "Y")
VALUES (3, 1, 0, 'Floor 3', 0, 0, 0);
INSERT INTO "Floors" ("Id", "BuildingId", "Height", "Name", "Width", "X", "Y")
VALUES (4, 2, 0, 'Floor 1', 0, 0, 0);
INSERT INTO "Floors" ("Id", "BuildingId", "Height", "Name", "Width", "X", "Y")
VALUES (5, 2, 0, 'Floor 2', 0, 0, 0);
INSERT INTO "Floors" ("Id", "BuildingId", "Height", "Name", "Width", "X", "Y")
VALUES (6, 3, 0, 'Floor 1', 0, 0, 0);
INSERT INTO "Floors" ("Id", "BuildingId", "Height", "Name", "Width", "X", "Y")
VALUES (7, 3, 0, 'Floor 2', 0, 0, 0);
INSERT INTO "Floors" ("Id", "BuildingId", "Height", "Name", "Width", "X", "Y")
VALUES (8, 3, 0, 'Floor 3', 0, 0, 0);
INSERT INTO "Floors" ("Id", "BuildingId", "Height", "Name", "Width", "X", "Y")
VALUES (9, 4, 0, 'Floor 1', 0, 0, 0);
INSERT INTO "Floors" ("Id", "BuildingId", "Height", "Name", "Width", "X", "Y")
VALUES (10, 4, 0, 'Floor 2', 0, 0, 0);

INSERT INTO "Renovations" ("Id", "Date", "Duration", "FirstRoomId", "SecondRoomId", "Type")
VALUES (3, TIMESTAMP '2022-02-20 14:00:00', 2, 47, 62, 1);
INSERT INTO "Renovations" ("Id", "Date", "Duration", "FirstRoomId", "SecondRoomId", "Type")
VALUES (1, TIMESTAMP '2022-02-02 14:00:00', 2, 1, 2, 1);
INSERT INTO "Renovations" ("Id", "Date", "Duration", "FirstRoomId", "SecondRoomId", "Type")
VALUES (2, TIMESTAMP '2022-02-05 14:00:00', 3, 1, 0, 0);

INSERT INTO "Rooms" ("Id", "Description", "FloorId", "Height", "Name", "Type", "Width", "X", "Y")
VALUES (60, 'Room description...', 9, 140, 'Room for appointments', 0, 300, 700, 260);
INSERT INTO "Rooms" ("Id", "Description", "FloorId", "Height", "Name", "Type", "Width", "X", "Y")
VALUES (70, 'Room description...', 10, 90, 'WC', 2, 150, 50, 170);
INSERT INTO "Rooms" ("Id", "Description", "FloorId", "Height", "Name", "Type", "Width", "X", "Y")
VALUES (69, 'Room description...', 10, 140, 'Room for appointments', 0, 280, 720, 30);
INSERT INTO "Rooms" ("Id", "Description", "FloorId", "Height", "Name", "Type", "Width", "X", "Y")
VALUES (68, 'Room description...', 10, 140, 'Room for appointments', 0, 270, 50, 30);
INSERT INTO "Rooms" ("Id", "Description", "FloorId", "Height", "Name", "Type", "Width", "X", "Y")
VALUES (67, 'Room description...', 10, 140, 'Room for appointments', 0, 300, 700, 260);
INSERT INTO "Rooms" ("Id", "Description", "FloorId", "Height", "Name", "Type", "Width", "X", "Y")
VALUES (66, 'Room description...', 10, 140, 'Room for appointments', 0, 270, 50, 260);
INSERT INTO "Rooms" ("Id", "Description", "FloorId", "Height", "Name", "Type", "Width", "X", "Y")
VALUES (65, 'Room description...', 10, 140, 'Room for appointments', 0, 380, 320, 260);
INSERT INTO "Rooms" ("Id", "Description", "FloorId", "Height", "Name", "Type", "Width", "X", "Y")
VALUES (64, 'Room description...', 10, 140, 'Operation room', 1, 400, 320, 30);
INSERT INTO "Rooms" ("Id", "Description", "FloorId", "Height", "Name", "Type", "Width", "X", "Y")
VALUES (63, 'Room description...', 9, 90, 'WC', 2, 150, 50, 170);
INSERT INTO "Rooms" ("Id", "Description", "FloorId", "Height", "Name", "Type", "Width", "X", "Y")
VALUES (62, 'Room description...', 9, 140, 'Room for appointments', 0, 280, 720, 30);
INSERT INTO "Rooms" ("Id", "Description", "FloorId", "Height", "Name", "Type", "Width", "X", "Y")
VALUES (61, 'Room description...', 9, 140, 'Room for appointments', 0, 270, 50, 30);
INSERT INTO "Rooms" ("Id", "Description", "FloorId", "Height", "Name", "Type", "Width", "X", "Y")
VALUES (59, 'Room description...', 9, 140, 'Room for appointments', 0, 270, 50, 260);
INSERT INTO "Rooms" ("Id", "Description", "FloorId", "Height", "Name", "Type", "Width", "X", "Y")
VALUES (45, 'Room description...', 7, 140, 'Room for appointments', 0, 270, 50, 260);
INSERT INTO "Rooms" ("Id", "Description", "FloorId", "Height", "Name", "Type", "Width", "X", "Y")
VALUES (57, 'Room description...', 9, 140, 'Operation room', 1, 400, 320, 30);
INSERT INTO "Rooms" ("Id", "Description", "FloorId", "Height", "Name", "Type", "Width", "X", "Y")
VALUES (29, 'Room description...', 5, 140, 'Operation room', 1, 400, 320, 30);
INSERT INTO "Rooms" ("Id", "Description", "FloorId", "Height", "Name", "Type", "Width", "X", "Y")
VALUES (28, 'Room description...', 4, 90, 'WC', 2, 150, 50, 170);
INSERT INTO "Rooms" ("Id", "Description", "FloorId", "Height", "Name", "Type", "Width", "X", "Y")
VALUES (27, 'Room description...', 4, 140, 'Room for appointments', 0, 280, 720, 30);
INSERT INTO "Rooms" ("Id", "Description", "FloorId", "Height", "Name", "Type", "Width", "X", "Y")
VALUES (26, 'Room description...', 4, 140, 'Room for appointments', 0, 270, 50, 30);
INSERT INTO "Rooms" ("Id", "Description", "FloorId", "Height", "Name", "Type", "Width", "X", "Y")
VALUES (25, 'Room description...', 4, 140, 'Room for appointments', 0, 300, 700, 260);
INSERT INTO "Rooms" ("Id", "Description", "FloorId", "Height", "Name", "Type", "Width", "X", "Y")
VALUES (24, 'Room description...', 4, 140, 'Room for appointments', 0, 270, 50, 260);
INSERT INTO "Rooms" ("Id", "Description", "FloorId", "Height", "Name", "Type", "Width", "X", "Y")
VALUES (22, 'Room description...', 4, 140, 'Operation room', 1, 400, 320, 30);
INSERT INTO "Rooms" ("Id", "Description", "FloorId", "Height", "Name", "Type", "Width", "X", "Y")
VALUES (21, 'Room description...', 3, 90, 'WC', 2, 150, 50, 170);
INSERT INTO "Rooms" ("Id", "Description", "FloorId", "Height", "Name", "Type", "Width", "X", "Y")
VALUES (20, 'Room description...', 3, 140, 'Room for appointments', 0, 280, 720, 30);
INSERT INTO "Rooms" ("Id", "Description", "FloorId", "Height", "Name", "Type", "Width", "X", "Y")
VALUES (19, 'Room description...', 3, 140, 'Room for appointments', 0, 270, 50, 30);
INSERT INTO "Rooms" ("Id", "Description", "FloorId", "Height", "Name", "Type", "Width", "X", "Y")
VALUES (18, 'Room description...', 3, 140, 'Room for appointments', 0, 300, 700, 260);
INSERT INTO "Rooms" ("Id", "Description", "FloorId", "Height", "Name", "Type", "Width", "X", "Y")
VALUES (17, 'Room description...', 3, 140, 'Room for appointments', 0, 270, 50, 260);
INSERT INTO "Rooms" ("Id", "Description", "FloorId", "Height", "Name", "Type", "Width", "X", "Y")
VALUES (16, 'Room description...', 3, 140, 'Room for appointments', 0, 380, 320, 260);
INSERT INTO "Rooms" ("Id", "Description", "FloorId", "Height", "Name", "Type", "Width", "X", "Y")
VALUES (30, 'Room description...', 5, 140, 'Room for appointments', 0, 380, 320, 260);
INSERT INTO "Rooms" ("Id", "Description", "FloorId", "Height", "Name", "Type", "Width", "X", "Y")
VALUES (15, 'Room description...', 3, 140, 'Operation room', 1, 400, 320, 30);
INSERT INTO "Rooms" ("Id", "Description", "FloorId", "Height", "Name", "Type", "Width", "X", "Y")
VALUES (13, 'Room description...', 2, 140, 'Room for appointments', 0, 280, 720, 30);
INSERT INTO "Rooms" ("Id", "Description", "FloorId", "Height", "Name", "Type", "Width", "X", "Y")
VALUES (12, 'Room description...', 2, 140, 'Room for appointments', 0, 270, 50, 30);
INSERT INTO "Rooms" ("Id", "Description", "FloorId", "Height", "Name", "Type", "Width", "X", "Y")
VALUES (11, 'Room description...', 2, 140, 'Room for appointments', 0, 300, 700, 260);
INSERT INTO "Rooms" ("Id", "Description", "FloorId", "Height", "Name", "Type", "Width", "X", "Y")
VALUES (10, 'Room description...', 2, 140, 'Room for appointments', 0, 270, 50, 260);
INSERT INTO "Rooms" ("Id", "Description", "FloorId", "Height", "Name", "Type", "Width", "X", "Y")
VALUES (9, 'Room description...', 2, 140, 'Room for appointments', 0, 380, 320, 260);
INSERT INTO "Rooms" ("Id", "Description", "FloorId", "Height", "Name", "Type", "Width", "X", "Y")
VALUES (8, 'Room description...', 2, 140, 'Operation room', 1, 400, 320, 30);
INSERT INTO "Rooms" ("Id", "Description", "FloorId", "Height", "Name", "Type", "Width", "X", "Y")
VALUES (7, 'Room description...', 1, 90, 'WC', 2, 150, 50, 170);
INSERT INTO "Rooms" ("Id", "Description", "FloorId", "Height", "Name", "Type", "Width", "X", "Y")
VALUES (6, 'Room description...', 1, 140, 'Room for appointments', 0, 280, 720, 30);
INSERT INTO "Rooms" ("Id", "Description", "FloorId", "Height", "Name", "Type", "Width", "X", "Y")
VALUES (5, 'Room description...', 1, 140, 'Room for appointments', 0, 270, 50, 30);
INSERT INTO "Rooms" ("Id", "Description", "FloorId", "Height", "Name", "Type", "Width", "X", "Y")
VALUES (4, 'Room description...', 1, 140, 'Room for appointments', 0, 300, 700, 260);
INSERT INTO "Rooms" ("Id", "Description", "FloorId", "Height", "Name", "Type", "Width", "X", "Y")
VALUES (3, 'Room description...', 1, 140, 'Room for appointments', 0, 270, 50, 260);
INSERT INTO "Rooms" ("Id", "Description", "FloorId", "Height", "Name", "Type", "Width", "X", "Y")
VALUES (2, 'Room description...', 1, 140, 'Room for appointments', 0, 380, 320, 260);
INSERT INTO "Rooms" ("Id", "Description", "FloorId", "Height", "Name", "Type", "Width", "X", "Y")
VALUES (1, 'Room description...', 1, 140, 'Operation room', 1, 400, 320, 30);
INSERT INTO "Rooms" ("Id", "Description", "FloorId", "Height", "Name", "Type", "Width", "X", "Y")
VALUES (14, 'Room description...', 2, 90, 'WC', 2, 150, 50, 170);
INSERT INTO "Rooms" ("Id", "Description", "FloorId", "Height", "Name", "Type", "Width", "X", "Y")
VALUES (58, 'Room description...', 9, 140, 'Room for appointments', 0, 380, 320, 260);
INSERT INTO "Rooms" ("Id", "Description", "FloorId", "Height", "Name", "Type", "Width", "X", "Y")
VALUES (31, 'Room description...', 5, 140, 'Room for appointments', 0, 270, 50, 260);
INSERT INTO "Rooms" ("Id", "Description", "FloorId", "Height", "Name", "Type", "Width", "X", "Y")
VALUES (33, 'Room description...', 5, 140, 'Room for appointments', 0, 270, 50, 30);
INSERT INTO "Rooms" ("Id", "Description", "FloorId", "Height", "Name", "Type", "Width", "X", "Y")
VALUES (56, 'Room description...', 8, 90, 'WC', 2, 150, 50, 170);
INSERT INTO "Rooms" ("Id", "Description", "FloorId", "Height", "Name", "Type", "Width", "X", "Y")
VALUES (55, 'Room description...', 8, 140, 'Room for appointments', 0, 280, 720, 30);
INSERT INTO "Rooms" ("Id", "Description", "FloorId", "Height", "Name", "Type", "Width", "X", "Y")
VALUES (54, 'Room description...', 8, 140, 'Room for appointments', 0, 270, 50, 30);
INSERT INTO "Rooms" ("Id", "Description", "FloorId", "Height", "Name", "Type", "Width", "X", "Y")
VALUES (53, 'Room description...', 8, 140, 'Room for appointments', 0, 300, 700, 260);
INSERT INTO "Rooms" ("Id", "Description", "FloorId", "Height", "Name", "Type", "Width", "X", "Y")
VALUES (52, 'Room description...', 8, 140, 'Room for appointments', 0, 270, 50, 260);
INSERT INTO "Rooms" ("Id", "Description", "FloorId", "Height", "Name", "Type", "Width", "X", "Y")
VALUES (51, 'Room description...', 8, 140, 'Room for appointments', 0, 380, 320, 260);
INSERT INTO "Rooms" ("Id", "Description", "FloorId", "Height", "Name", "Type", "Width", "X", "Y")
VALUES (50, 'Room description...', 8, 140, 'Operation room', 1, 400, 320, 30);
INSERT INTO "Rooms" ("Id", "Description", "FloorId", "Height", "Name", "Type", "Width", "X", "Y")
VALUES (49, 'Room description...', 7, 90, 'WC', 2, 150, 50, 170);
INSERT INTO "Rooms" ("Id", "Description", "FloorId", "Height", "Name", "Type", "Width", "X", "Y")
VALUES (48, 'Room description...', 7, 140, 'Room for appointments', 0, 280, 720, 30);
INSERT INTO "Rooms" ("Id", "Description", "FloorId", "Height", "Name", "Type", "Width", "X", "Y")
VALUES (47, 'Room description...', 7, 140, 'Room for appointments', 0, 270, 50, 30);
INSERT INTO "Rooms" ("Id", "Description", "FloorId", "Height", "Name", "Type", "Width", "X", "Y")
VALUES (46, 'Room description...', 7, 140, 'Room for appointments', 0, 300, 700, 260);
INSERT INTO "Rooms" ("Id", "Description", "FloorId", "Height", "Name", "Type", "Width", "X", "Y")
VALUES (32, 'Room description...', 5, 140, 'Room for appointments', 0, 300, 700, 260);
INSERT INTO "Rooms" ("Id", "Description", "FloorId", "Height", "Name", "Type", "Width", "X", "Y")
VALUES (23, 'Room description...', 4, 140, 'Room for appointments', 0, 380, 320, 260);
INSERT INTO "Rooms" ("Id", "Description", "FloorId", "Height", "Name", "Type", "Width", "X", "Y")
VALUES (40, 'Room description...', 6, 140, 'Room for appointments', 0, 270, 50, 30);
INSERT INTO "Rooms" ("Id", "Description", "FloorId", "Height", "Name", "Type", "Width", "X", "Y")
VALUES (34, 'Room description...', 5, 140, 'Room for appointments', 0, 280, 720, 30);
INSERT INTO "Rooms" ("Id", "Description", "FloorId", "Height", "Name", "Type", "Width", "X", "Y")
VALUES (35, 'Room description...', 5, 90, 'WC', 2, 150, 50, 170);
INSERT INTO "Rooms" ("Id", "Description", "FloorId", "Height", "Name", "Type", "Width", "X", "Y")
VALUES (36, 'Room description...', 6, 140, 'Operation room', 1, 400, 320, 30);
INSERT INTO "Rooms" ("Id", "Description", "FloorId", "Height", "Name", "Type", "Width", "X", "Y")
VALUES (44, 'Room description...', 7, 140, 'Room for appointments', 0, 380, 320, 260);
INSERT INTO "Rooms" ("Id", "Description", "FloorId", "Height", "Name", "Type", "Width", "X", "Y")
VALUES (43, 'Room description...', 7, 140, 'Operation room', 1, 400, 320, 30);
INSERT INTO "Rooms" ("Id", "Description", "FloorId", "Height", "Name", "Type", "Width", "X", "Y")
VALUES (42, 'Room description...', 6, 90, 'WC', 2, 150, 50, 170);
INSERT INTO "Rooms" ("Id", "Description", "FloorId", "Height", "Name", "Type", "Width", "X", "Y")
VALUES (41, 'Room description...', 6, 140, 'Room for appointments', 0, 280, 720, 30);
INSERT INTO "Rooms" ("Id", "Description", "FloorId", "Height", "Name", "Type", "Width", "X", "Y")
VALUES (37, 'Room description...', 6, 140, 'Room for appointments', 0, 380, 320, 260);
INSERT INTO "Rooms" ("Id", "Description", "FloorId", "Height", "Name", "Type", "Width", "X", "Y")
VALUES (39, 'Room description...', 6, 140, 'Room for appointments', 0, 300, 700, 260);
INSERT INTO "Rooms" ("Id", "Description", "FloorId", "Height", "Name", "Type", "Width", "X", "Y")
VALUES (38, 'Room description...', 6, 140, 'Room for appointments', 0, 270, 50, 260);

INSERT INTO "Transfer" ("Id", "Date", "DestinationRoomId", "Duration", "Equipment", "Quantity", "SourceRoomId")
VALUES (3, TIMESTAMP '2021-11-24 10:00:00', 52, 45, 'TV', 1, 45);
INSERT INTO "Transfer" ("Id", "Date", "DestinationRoomId", "Duration", "Equipment", "Quantity", "SourceRoomId")
VALUES (1, TIMESTAMP '2021-11-25 09:30:00', 2, 60, 'Bed', 2, 1);
INSERT INTO "Transfer" ("Id", "Date", "DestinationRoomId", "Duration", "Equipment", "Quantity", "SourceRoomId")
VALUES (6, TIMESTAMP '2022-08-22 09:30:00', 51, 60, 'Needle', 5, 1);
INSERT INTO "Transfer" ("Id", "Date", "DestinationRoomId", "Duration", "Equipment", "Quantity", "SourceRoomId")
VALUES (5, TIMESTAMP '2021-11-28 14:00:00', 23, 15, 'Blanket', 10, 18);
INSERT INTO "Transfer" ("Id", "Date", "DestinationRoomId", "Duration", "Equipment", "Quantity", "SourceRoomId")
VALUES (4, TIMESTAMP '2021-11-24 09:30:00', 62, 15, 'Bandage', 4, 47);
INSERT INTO "Transfer" ("Id", "Date", "DestinationRoomId", "Duration", "Equipment", "Quantity", "SourceRoomId")
VALUES (2, TIMESTAMP '2021-11-30 12:00:00', 60, 45, 'Bed', 4, 50);

INSERT INTO "Patients" ("Id", "Address", "BirthDate", "BloodType", "DateOfRegistration", "DoctorId", "Email", "EmploymentStatus", "Gender", "Hashcode", "IsActive", "IsBlocked", "Name", "ParentName", "Password", "Phone", "Surname", "Username")
VALUES (8, 'Kralja Petra 19', TIMESTAMP '1987-07-01 00:00:00', 'B', TIMESTAMP '0001-01-01 00:00:00', 6, 'zorka@gmail.com', 'Unemployed', 'female', NULL, TRUE, FALSE, 'Zorka', 'zorka', 'zorka', '0697856665', 'Djokic', 'zorka');
INSERT INTO "Patients" ("Id", "Address", "BirthDate", "BloodType", "DateOfRegistration", "DoctorId", "Email", "EmploymentStatus", "Gender", "Hashcode", "IsActive", "IsBlocked", "Name", "ParentName", "Password", "Phone", "Surname", "Username")
VALUES (6, 'Voje Rodica 19', TIMESTAMP '1975-07-11 00:00:00', 'A', TIMESTAMP '0001-01-01 00:00:00', 3, 'miki@gmail.com', 'Employed', 'male', NULL, TRUE, FALSE, 'Predrag', 'miki', 'miki', '0697856665', 'Zaric', 'miki');
INSERT INTO "Patients" ("Id", "Address", "BirthDate", "BloodType", "DateOfRegistration", "DoctorId", "Email", "EmploymentStatus", "Gender", "Hashcode", "IsActive", "IsBlocked", "Name", "ParentName", "Password", "Phone", "Surname", "Username")
VALUES (5, 'Voje Rodica 19', TIMESTAMP '1936-07-11 00:00:00', 'A', TIMESTAMP '0001-01-01 00:00:00', 3, 'miki@gmail.com', 'Employed', 'male', NULL, TRUE, FALSE, 'Igor', 'miki', 'miki', '0697856665', 'Caric', 'miki');
INSERT INTO "Patients" ("Id", "Address", "BirthDate", "BloodType", "DateOfRegistration", "DoctorId", "Email", "EmploymentStatus", "Gender", "Hashcode", "IsActive", "IsBlocked", "Name", "ParentName", "Password", "Phone", "Surname", "Username")
VALUES (4, 'Voje Rodica 19', TIMESTAMP '1969-07-11 00:00:00', 'A', TIMESTAMP '0001-01-01 00:00:00', 3, 'miki@gmail.com', 'Employed', 'male', NULL, TRUE, FALSE, 'Milica', 'miki', 'miki', '0697856665', 'Maric', 'miki');
INSERT INTO "Patients" ("Id", "Address", "BirthDate", "BloodType", "DateOfRegistration", "DoctorId", "Email", "EmploymentStatus", "Gender", "Hashcode", "IsActive", "IsBlocked", "Name", "ParentName", "Password", "Phone", "Surname", "Username")
VALUES (3, 'Voje Rodica 19', TIMESTAMP '1978-07-11 00:00:00', 'A', TIMESTAMP '0001-01-01 00:00:00', 2, 'miki@gmail.com', 'Employed', 'male', NULL, TRUE, FALSE, 'Zorana', 'miki', 'miki', '0697856665', 'Bilic', 'miki');
INSERT INTO "Patients" ("Id", "Address", "BirthDate", "BloodType", "DateOfRegistration", "DoctorId", "Email", "EmploymentStatus", "Gender", "Hashcode", "IsActive", "IsBlocked", "Name", "ParentName", "Password", "Phone", "Surname", "Username")
VALUES (2, 'Voje Rodica 19', TIMESTAMP '1985-07-11 00:00:00', 'A', TIMESTAMP '0001-01-01 00:00:00', 2, 'miki@gmail.com', 'Employed', 'male', NULL, TRUE, FALSE, 'Jovan', 'miki', 'miki', '0697856665', 'Zoric', 'miki');
INSERT INTO "Patients" ("Id", "Address", "BirthDate", "BloodType", "DateOfRegistration", "DoctorId", "Email", "EmploymentStatus", "Gender", "Hashcode", "IsActive", "IsBlocked", "Name", "ParentName", "Password", "Phone", "Surname", "Username")
VALUES (1, 'Bogoboja Atanackovica 15', TIMESTAMP '2005-09-11 00:00:00', 'A', TIMESTAMP '0001-01-01 00:00:00', 1, 'petar@gmail.com', 'Employed', 'male', NULL, TRUE, FALSE, 'Petar', 'miki', 'petar', '0634556665', 'Petrovic', 'petar');
INSERT INTO "Patients" ("Id", "Address", "BirthDate", "BloodType", "DateOfRegistration", "DoctorId", "Email", "EmploymentStatus", "Gender", "Hashcode", "IsActive", "IsBlocked", "Name", "ParentName", "Password", "Phone", "Surname", "Username")
VALUES (7, 'Voje Rodica 19', TIMESTAMP '1960-07-11 00:00:00', 'A', TIMESTAMP '0001-01-01 00:00:00', 3, 'miki@gmail.com', 'Employed', 'male', NULL, TRUE, FALSE, 'Miki', 'miki', 'miki', '0697856665', 'Nikolic', 'miki');

INSERT INTO "Surveys" ("Id", "AppointmentId", "Done")
VALUES (10, 10, TRUE);
INSERT INTO "Surveys" ("Id", "AppointmentId", "Done")
VALUES (9, 9, FALSE);
INSERT INTO "Surveys" ("Id", "AppointmentId", "Done")
VALUES (7, 7, FALSE);
INSERT INTO "Surveys" ("Id", "AppointmentId", "Done")
VALUES (6, 6, FALSE);
INSERT INTO "Surveys" ("Id", "AppointmentId", "Done")
VALUES (5, 5, FALSE);
INSERT INTO "Surveys" ("Id", "AppointmentId", "Done")
VALUES (4, 4, FALSE);
INSERT INTO "Surveys" ("Id", "AppointmentId", "Done")
VALUES (3, 3, FALSE);
INSERT INTO "Surveys" ("Id", "AppointmentId", "Done")
VALUES (2, 2, FALSE);
INSERT INTO "Surveys" ("Id", "AppointmentId", "Done")
VALUES (8, 8, FALSE);
INSERT INTO "Surveys" ("Id", "AppointmentId", "Done")
VALUES (1, 1, FALSE);

INSERT INTO "SurveyCategories" ("Id", "Name", "SurveyId")
VALUES (1, 'Doctor', 1);
INSERT INTO "SurveyCategories" ("Id", "Name", "SurveyId")
VALUES (28, 'Doctor', 10);
INSERT INTO "SurveyCategories" ("Id", "Name", "SurveyId")
VALUES (27, 'Hospital', 9);
INSERT INTO "SurveyCategories" ("Id", "Name", "SurveyId")
VALUES (26, 'Medical stuff', 9);
INSERT INTO "SurveyCategories" ("Id", "Name", "SurveyId")
VALUES (25, 'Doctor', 9);
INSERT INTO "SurveyCategories" ("Id", "Name", "SurveyId")
VALUES (24, 'Hospital', 8);
INSERT INTO "SurveyCategories" ("Id", "Name", "SurveyId")
VALUES (23, 'Medical stuff', 8);
INSERT INTO "SurveyCategories" ("Id", "Name", "SurveyId")
VALUES (22, 'Doctor', 8);
INSERT INTO "SurveyCategories" ("Id", "Name", "SurveyId")
VALUES (21, 'Hospital', 7);
INSERT INTO "SurveyCategories" ("Id", "Name", "SurveyId")
VALUES (20, 'Medical stuff', 7);
INSERT INTO "SurveyCategories" ("Id", "Name", "SurveyId")
VALUES (19, 'Doctor', 7);
INSERT INTO "SurveyCategories" ("Id", "Name", "SurveyId")
VALUES (18, 'Hospital', 6);
INSERT INTO "SurveyCategories" ("Id", "Name", "SurveyId")
VALUES (17, 'Medical stuff', 6);
INSERT INTO "SurveyCategories" ("Id", "Name", "SurveyId")
VALUES (16, 'Doctor', 6);
INSERT INTO "SurveyCategories" ("Id", "Name", "SurveyId")
VALUES (15, 'Hospital', 5);
INSERT INTO "SurveyCategories" ("Id", "Name", "SurveyId")
VALUES (14, 'Medical stuff', 5);
INSERT INTO "SurveyCategories" ("Id", "Name", "SurveyId")
VALUES (13, 'Doctor', 5);
INSERT INTO "SurveyCategories" ("Id", "Name", "SurveyId")
VALUES (12, 'Hospital', 4);
INSERT INTO "SurveyCategories" ("Id", "Name", "SurveyId")
VALUES (11, 'Medical stuff', 4);
INSERT INTO "SurveyCategories" ("Id", "Name", "SurveyId")
VALUES (10, 'Doctor', 4);
INSERT INTO "SurveyCategories" ("Id", "Name", "SurveyId")
VALUES (9, 'Hospital', 3);
INSERT INTO "SurveyCategories" ("Id", "Name", "SurveyId")
VALUES (8, 'Medical stuff', 3);
INSERT INTO "SurveyCategories" ("Id", "Name", "SurveyId")
VALUES (7, 'Doctor', 3);
INSERT INTO "SurveyCategories" ("Id", "Name", "SurveyId")
VALUES (6, 'Hospital', 2);
INSERT INTO "SurveyCategories" ("Id", "Name", "SurveyId")
VALUES (5, 'Medical stuff', 2);
INSERT INTO "SurveyCategories" ("Id", "Name", "SurveyId")
VALUES (4, 'Doctor', 2);
INSERT INTO "SurveyCategories" ("Id", "Name", "SurveyId")
VALUES (3, 'Hospital', 1);
INSERT INTO "SurveyCategories" ("Id", "Name", "SurveyId")
VALUES (2, 'Medical stuff', 1);
INSERT INTO "SurveyCategories" ("Id", "Name", "SurveyId")
VALUES (29, 'Medical stuff', 10);
INSERT INTO "SurveyCategories" ("Id", "Name", "SurveyId")
VALUES (30, 'Hospital', 10);

INSERT INTO "SurveyQuestions" ("Id", "Content", "Grade", "SurveyCategoryId")
VALUES (1, 'How careful did doctor listen you?', 0, 1);
INSERT INTO "SurveyQuestions" ("Id", "Content", "Grade", "SurveyCategoryId")
VALUES (97, 'How would you rate time span that you spend waiting untill doctor attended you?', 0, 20);
INSERT INTO "SurveyQuestions" ("Id", "Content", "Grade", "SurveyCategoryId")
VALUES (98, 'How prepared were stuff for emergency situations?', 0, 20);
INSERT INTO "SurveyQuestions" ("Id", "Content", "Grade", "SurveyCategoryId")
VALUES (99, 'How good has stuff explained you our procedures?', 0, 20);
INSERT INTO "SurveyQuestions" ("Id", "Content", "Grade", "SurveyCategoryId")
VALUES (100, 'Your general grade for medical stuffs'' service', 0, 20);
INSERT INTO "SurveyQuestions" ("Id", "Content", "Grade", "SurveyCategoryId")
VALUES (101, 'How would you rate our appointment organisation?', 0, 21);
INSERT INTO "SurveyQuestions" ("Id", "Content", "Grade", "SurveyCategoryId")
VALUES (102, 'How would you rate hospitals'' hygiene?', 0, 21);
INSERT INTO "SurveyQuestions" ("Id", "Content", "Grade", "SurveyCategoryId")
VALUES (96, 'How much our medical staff were polite?', 0, 20);
INSERT INTO "SurveyQuestions" ("Id", "Content", "Grade", "SurveyCategoryId")
VALUES (103, 'How good were procedure for booking appointment?', 0, 21);
INSERT INTO "SurveyQuestions" ("Id", "Content", "Grade", "SurveyCategoryId")
VALUES (105, 'Your general grade for whole hospital'' service', 0, 21);
INSERT INTO "SurveyQuestions" ("Id", "Content", "Grade", "SurveyCategoryId")
VALUES (106, 'How careful did doctor listen you?', 0, 22);
INSERT INTO "SurveyQuestions" ("Id", "Content", "Grade", "SurveyCategoryId")
VALUES (107, 'Has doctor been polite?', 0, 22);
INSERT INTO "SurveyQuestions" ("Id", "Content", "Grade", "SurveyCategoryId")
VALUES (108, 'Has he explained you your condition enough that you can understand it?', 0, 22);
INSERT INTO "SurveyQuestions" ("Id", "Content", "Grade", "SurveyCategoryId")
VALUES (109, 'How would you rate doctors'' professionalism?', 0, 22);
INSERT INTO "SurveyQuestions" ("Id", "Content", "Grade", "SurveyCategoryId")
VALUES (110, 'Your general grade for doctors'' service', 0, 22);
INSERT INTO "SurveyQuestions" ("Id", "Content", "Grade", "SurveyCategoryId")
VALUES (104, 'How easy was to use our application?', 0, 21);
INSERT INTO "SurveyQuestions" ("Id", "Content", "Grade", "SurveyCategoryId")
VALUES (95, 'Your general grade for doctors'' service', 0, 19);
INSERT INTO "SurveyQuestions" ("Id", "Content", "Grade", "SurveyCategoryId")
VALUES (94, 'How would you rate doctors'' professionalism?', 0, 19);
INSERT INTO "SurveyQuestions" ("Id", "Content", "Grade", "SurveyCategoryId")
VALUES (93, 'Has he explained you your condition enough that you can understand it?', 0, 19);
INSERT INTO "SurveyQuestions" ("Id", "Content", "Grade", "SurveyCategoryId")
VALUES (78, 'Has he explained you your condition enough that you can understand it?', 0, 16);
INSERT INTO "SurveyQuestions" ("Id", "Content", "Grade", "SurveyCategoryId")
VALUES (79, 'How would you rate doctors'' professionalism?', 0, 16);
INSERT INTO "SurveyQuestions" ("Id", "Content", "Grade", "SurveyCategoryId")
VALUES (80, 'Your general grade for doctors'' service', 0, 16);
INSERT INTO "SurveyQuestions" ("Id", "Content", "Grade", "SurveyCategoryId")
VALUES (81, 'How much our medical staff were polite?', 0, 17);
INSERT INTO "SurveyQuestions" ("Id", "Content", "Grade", "SurveyCategoryId")
VALUES (82, 'How would you rate time span that you spend waiting untill doctor attended you?', 0, 17);
INSERT INTO "SurveyQuestions" ("Id", "Content", "Grade", "SurveyCategoryId")
VALUES (83, 'How prepared were stuff for emergency situations?', 0, 17);
INSERT INTO "SurveyQuestions" ("Id", "Content", "Grade", "SurveyCategoryId")
VALUES (84, 'How good has stuff explained you our procedures?', 0, 17);
INSERT INTO "SurveyQuestions" ("Id", "Content", "Grade", "SurveyCategoryId")
VALUES (85, 'Your general grade for medical stuffs'' service', 0, 17);
INSERT INTO "SurveyQuestions" ("Id", "Content", "Grade", "SurveyCategoryId")
VALUES (86, 'How would you rate our appointment organisation?', 0, 18);
INSERT INTO "SurveyQuestions" ("Id", "Content", "Grade", "SurveyCategoryId")
VALUES (87, 'How would you rate hospitals'' hygiene?', 0, 18);
INSERT INTO "SurveyQuestions" ("Id", "Content", "Grade", "SurveyCategoryId")
VALUES (88, 'How good were procedure for booking appointment?', 0, 18);
INSERT INTO "SurveyQuestions" ("Id", "Content", "Grade", "SurveyCategoryId")
VALUES (89, 'How easy was to use our application?', 0, 18);
INSERT INTO "SurveyQuestions" ("Id", "Content", "Grade", "SurveyCategoryId")
VALUES (90, 'Your general grade for whole hospital'' service', 0, 18);
INSERT INTO "SurveyQuestions" ("Id", "Content", "Grade", "SurveyCategoryId")
VALUES (91, 'How careful did doctor listen you?', 0, 19);
INSERT INTO "SurveyQuestions" ("Id", "Content", "Grade", "SurveyCategoryId")
VALUES (92, 'Has doctor been polite?', 0, 19);
INSERT INTO "SurveyQuestions" ("Id", "Content", "Grade", "SurveyCategoryId")
VALUES (111, 'How much our medical staff were polite?', 0, 23);
INSERT INTO "SurveyQuestions" ("Id", "Content", "Grade", "SurveyCategoryId")
VALUES (112, 'How would you rate time span that you spend waiting untill doctor attended you?', 0, 23);
INSERT INTO "SurveyQuestions" ("Id", "Content", "Grade", "SurveyCategoryId")
VALUES (113, 'How prepared were stuff for emergency situations?', 0, 23);
INSERT INTO "SurveyQuestions" ("Id", "Content", "Grade", "SurveyCategoryId")
VALUES (114, 'How good has stuff explained you our procedures?', 0, 23);
INSERT INTO "SurveyQuestions" ("Id", "Content", "Grade", "SurveyCategoryId")
VALUES (134, 'How easy was to use our application?', 0, 27);
INSERT INTO "SurveyQuestions" ("Id", "Content", "Grade", "SurveyCategoryId")
VALUES (135, 'Your general grade for whole hospital'' service', 0, 27);
INSERT INTO "SurveyQuestions" ("Id", "Content", "Grade", "SurveyCategoryId")
VALUES (136, 'How careful did doctor listen you?', 1, 28);
INSERT INTO "SurveyQuestions" ("Id", "Content", "Grade", "SurveyCategoryId")
VALUES (137, 'Has doctor been polite?', 3, 28);
INSERT INTO "SurveyQuestions" ("Id", "Content", "Grade", "SurveyCategoryId")
VALUES (138, 'Has he explained you your condition enough that you can understand it?', 4, 28);
INSERT INTO "SurveyQuestions" ("Id", "Content", "Grade", "SurveyCategoryId")
VALUES (139, 'How would you rate doctors'' professionalism?', 5, 28);
INSERT INTO "SurveyQuestions" ("Id", "Content", "Grade", "SurveyCategoryId")
VALUES (140, 'Your general grade for doctors'' service', 3, 28);
INSERT INTO "SurveyQuestions" ("Id", "Content", "Grade", "SurveyCategoryId")
VALUES (141, 'How much our medical staff were polite?', 2, 29);
INSERT INTO "SurveyQuestions" ("Id", "Content", "Grade", "SurveyCategoryId")
VALUES (142, 'How would you rate time span that you spend waiting untill doctor attended you?', 3, 29);
INSERT INTO "SurveyQuestions" ("Id", "Content", "Grade", "SurveyCategoryId")
VALUES (143, 'How prepared were stuff for emergency situations?', 4, 29);
INSERT INTO "SurveyQuestions" ("Id", "Content", "Grade", "SurveyCategoryId")
VALUES (144, 'How good has stuff explained you our procedures?', 5, 29);
INSERT INTO "SurveyQuestions" ("Id", "Content", "Grade", "SurveyCategoryId")
VALUES (145, 'Your general grade for medical stuffs'' service', 3, 29);
INSERT INTO "SurveyQuestions" ("Id", "Content", "Grade", "SurveyCategoryId")
VALUES (146, 'How would you rate our appointment organisation?', 1, 30);
INSERT INTO "SurveyQuestions" ("Id", "Content", "Grade", "SurveyCategoryId")
VALUES (147, 'How would you rate hospitals'' hygiene?', 4, 30);
INSERT INTO "SurveyQuestions" ("Id", "Content", "Grade", "SurveyCategoryId")
VALUES (148, 'How good were procedure for booking appointment?', 4, 30);
INSERT INTO "SurveyQuestions" ("Id", "Content", "Grade", "SurveyCategoryId")
VALUES (133, 'How good were procedure for booking appointment?', 0, 27);
INSERT INTO "SurveyQuestions" ("Id", "Content", "Grade", "SurveyCategoryId")
VALUES (77, 'Has doctor been polite?', 0, 16);
INSERT INTO "SurveyQuestions" ("Id", "Content", "Grade", "SurveyCategoryId")
VALUES (132, 'How would you rate hospitals'' hygiene?', 0, 27);
INSERT INTO "SurveyQuestions" ("Id", "Content", "Grade", "SurveyCategoryId")
VALUES (130, 'Your general grade for medical stuffs'' service', 0, 26);
INSERT INTO "SurveyQuestions" ("Id", "Content", "Grade", "SurveyCategoryId")
VALUES (115, 'Your general grade for medical stuffs'' service', 0, 23);
INSERT INTO "SurveyQuestions" ("Id", "Content", "Grade", "SurveyCategoryId")
VALUES (116, 'How would you rate our appointment organisation?', 0, 24);
INSERT INTO "SurveyQuestions" ("Id", "Content", "Grade", "SurveyCategoryId")
VALUES (117, 'How would you rate hospitals'' hygiene?', 0, 24);
INSERT INTO "SurveyQuestions" ("Id", "Content", "Grade", "SurveyCategoryId")
VALUES (118, 'How good were procedure for booking appointment?', 0, 24);
INSERT INTO "SurveyQuestions" ("Id", "Content", "Grade", "SurveyCategoryId")
VALUES (119, 'How easy was to use our application?', 0, 24);
INSERT INTO "SurveyQuestions" ("Id", "Content", "Grade", "SurveyCategoryId")
VALUES (120, 'Your general grade for whole hospital'' service', 0, 24);
INSERT INTO "SurveyQuestions" ("Id", "Content", "Grade", "SurveyCategoryId")
VALUES (121, 'How careful did doctor listen you?', 0, 25);
INSERT INTO "SurveyQuestions" ("Id", "Content", "Grade", "SurveyCategoryId")
VALUES (122, 'Has doctor been polite?', 0, 25);
INSERT INTO "SurveyQuestions" ("Id", "Content", "Grade", "SurveyCategoryId")
VALUES (123, 'Has he explained you your condition enough that you can understand it?', 0, 25);
INSERT INTO "SurveyQuestions" ("Id", "Content", "Grade", "SurveyCategoryId")
VALUES (124, 'How would you rate doctors'' professionalism?', 0, 25);
INSERT INTO "SurveyQuestions" ("Id", "Content", "Grade", "SurveyCategoryId")
VALUES (125, 'Your general grade for doctors'' service', 0, 25);
INSERT INTO "SurveyQuestions" ("Id", "Content", "Grade", "SurveyCategoryId")
VALUES (126, 'How much our medical staff were polite?', 0, 26);
INSERT INTO "SurveyQuestions" ("Id", "Content", "Grade", "SurveyCategoryId")
VALUES (127, 'How would you rate time span that you spend waiting untill doctor attended you?', 0, 26);
INSERT INTO "SurveyQuestions" ("Id", "Content", "Grade", "SurveyCategoryId")
VALUES (128, 'How prepared were stuff for emergency situations?', 0, 26);
INSERT INTO "SurveyQuestions" ("Id", "Content", "Grade", "SurveyCategoryId")
VALUES (129, 'How good has stuff explained you our procedures?', 0, 26);
INSERT INTO "SurveyQuestions" ("Id", "Content", "Grade", "SurveyCategoryId")
VALUES (131, 'How would you rate our appointment organisation?', 0, 27);
INSERT INTO "SurveyQuestions" ("Id", "Content", "Grade", "SurveyCategoryId")
VALUES (76, 'How careful did doctor listen you?', 0, 16);
INSERT INTO "SurveyQuestions" ("Id", "Content", "Grade", "SurveyCategoryId")
VALUES (75, 'Your general grade for whole hospital'' service', 0, 15);
INSERT INTO "SurveyQuestions" ("Id", "Content", "Grade", "SurveyCategoryId")
VALUES (74, 'How easy was to use our application?', 0, 15);
INSERT INTO "SurveyQuestions" ("Id", "Content", "Grade", "SurveyCategoryId")
VALUES (21, 'How much our medical staff were polite?', 0, 5);
INSERT INTO "SurveyQuestions" ("Id", "Content", "Grade", "SurveyCategoryId")
VALUES (22, 'How would you rate time span that you spend waiting untill doctor attended you?', 0, 5);
INSERT INTO "SurveyQuestions" ("Id", "Content", "Grade", "SurveyCategoryId")
VALUES (23, 'How prepared were stuff for emergency situations?', 0, 5);
INSERT INTO "SurveyQuestions" ("Id", "Content", "Grade", "SurveyCategoryId")
VALUES (24, 'How good has stuff explained you our procedures?', 0, 5);
INSERT INTO "SurveyQuestions" ("Id", "Content", "Grade", "SurveyCategoryId")
VALUES (25, 'Your general grade for medical stuffs'' service', 0, 5);
INSERT INTO "SurveyQuestions" ("Id", "Content", "Grade", "SurveyCategoryId")
VALUES (26, 'How would you rate our appointment organisation?', 0, 6);
INSERT INTO "SurveyQuestions" ("Id", "Content", "Grade", "SurveyCategoryId")
VALUES (27, 'How would you rate hospitals'' hygiene?', 0, 6);
INSERT INTO "SurveyQuestions" ("Id", "Content", "Grade", "SurveyCategoryId")
VALUES (28, 'How good were procedure for booking appointment?', 0, 6);
INSERT INTO "SurveyQuestions" ("Id", "Content", "Grade", "SurveyCategoryId")
VALUES (29, 'How easy was to use our application?', 0, 6);
INSERT INTO "SurveyQuestions" ("Id", "Content", "Grade", "SurveyCategoryId")
VALUES (30, 'Your general grade for whole hospital'' service', 0, 6);
INSERT INTO "SurveyQuestions" ("Id", "Content", "Grade", "SurveyCategoryId")
VALUES (31, 'How careful did doctor listen you?', 0, 7);
INSERT INTO "SurveyQuestions" ("Id", "Content", "Grade", "SurveyCategoryId")
VALUES (32, 'Has doctor been polite?', 0, 7);
INSERT INTO "SurveyQuestions" ("Id", "Content", "Grade", "SurveyCategoryId")
VALUES (33, 'Has he explained you your condition enough that you can understand it?', 0, 7);
INSERT INTO "SurveyQuestions" ("Id", "Content", "Grade", "SurveyCategoryId")
VALUES (34, 'How would you rate doctors'' professionalism?', 0, 7);
INSERT INTO "SurveyQuestions" ("Id", "Content", "Grade", "SurveyCategoryId")
VALUES (35, 'Your general grade for doctors'' service', 0, 7);
INSERT INTO "SurveyQuestions" ("Id", "Content", "Grade", "SurveyCategoryId")
VALUES (20, 'Your general grade for doctors'' service', 0, 4);
INSERT INTO "SurveyQuestions" ("Id", "Content", "Grade", "SurveyCategoryId")
VALUES (36, 'How much our medical staff were polite?', 0, 8);
INSERT INTO "SurveyQuestions" ("Id", "Content", "Grade", "SurveyCategoryId")
VALUES (19, 'How would you rate doctors'' professionalism?', 0, 4);
INSERT INTO "SurveyQuestions" ("Id", "Content", "Grade", "SurveyCategoryId")
VALUES (17, 'Has doctor been polite?', 0, 4);
INSERT INTO "SurveyQuestions" ("Id", "Content", "Grade", "SurveyCategoryId")
VALUES (2, 'Has doctor been polite?', 0, 1);
INSERT INTO "SurveyQuestions" ("Id", "Content", "Grade", "SurveyCategoryId")
VALUES (3, 'Has he explained you your condition enough that you can understand it?', 0, 1);
INSERT INTO "SurveyQuestions" ("Id", "Content", "Grade", "SurveyCategoryId")
VALUES (4, 'How would you rate doctors'' professionalism?', 0, 1);
INSERT INTO "SurveyQuestions" ("Id", "Content", "Grade", "SurveyCategoryId")
VALUES (5, 'Your general grade for doctors'' service', 0, 1);
INSERT INTO "SurveyQuestions" ("Id", "Content", "Grade", "SurveyCategoryId")
VALUES (6, 'How much our medical staff were polite?', 0, 2);
INSERT INTO "SurveyQuestions" ("Id", "Content", "Grade", "SurveyCategoryId")
VALUES (7, 'How would you rate time span that you spend waiting untill doctor attended you?', 0, 2);
INSERT INTO "SurveyQuestions" ("Id", "Content", "Grade", "SurveyCategoryId")
VALUES (8, 'How prepared were stuff for emergency situations?', 0, 2);
INSERT INTO "SurveyQuestions" ("Id", "Content", "Grade", "SurveyCategoryId")
VALUES (9, 'How good has stuff explained you our procedures?', 0, 2);
INSERT INTO "SurveyQuestions" ("Id", "Content", "Grade", "SurveyCategoryId")
VALUES (10, 'Your general grade for medical stuffs'' service', 0, 2);
INSERT INTO "SurveyQuestions" ("Id", "Content", "Grade", "SurveyCategoryId")
VALUES (11, 'How would you rate our appointment organisation?', 0, 3);
INSERT INTO "SurveyQuestions" ("Id", "Content", "Grade", "SurveyCategoryId")
VALUES (12, 'How would you rate hospitals'' hygiene?', 0, 3);
INSERT INTO "SurveyQuestions" ("Id", "Content", "Grade", "SurveyCategoryId")
VALUES (13, 'How good were procedure for booking appointment?', 0, 3);
INSERT INTO "SurveyQuestions" ("Id", "Content", "Grade", "SurveyCategoryId")
VALUES (14, 'How easy was to use our application?', 0, 3);
INSERT INTO "SurveyQuestions" ("Id", "Content", "Grade", "SurveyCategoryId")
VALUES (15, 'Your general grade for whole hospital'' service', 0, 3);
INSERT INTO "SurveyQuestions" ("Id", "Content", "Grade", "SurveyCategoryId")
VALUES (16, 'How careful did doctor listen you?', 0, 4);
INSERT INTO "SurveyQuestions" ("Id", "Content", "Grade", "SurveyCategoryId")
VALUES (18, 'Has he explained you your condition enough that you can understand it?', 0, 4);
INSERT INTO "SurveyQuestions" ("Id", "Content", "Grade", "SurveyCategoryId")
VALUES (149, 'How easy was to use our application?', 5, 30);
INSERT INTO "SurveyQuestions" ("Id", "Content", "Grade", "SurveyCategoryId")
VALUES (37, 'How would you rate time span that you spend waiting untill doctor attended you?', 0, 8);
INSERT INTO "SurveyQuestions" ("Id", "Content", "Grade", "SurveyCategoryId")
VALUES (39, 'How good has stuff explained you our procedures?', 0, 8);
INSERT INTO "SurveyQuestions" ("Id", "Content", "Grade", "SurveyCategoryId")
VALUES (59, 'How easy was to use our application?', 0, 12);
INSERT INTO "SurveyQuestions" ("Id", "Content", "Grade", "SurveyCategoryId")
VALUES (60, 'Your general grade for whole hospital'' service', 0, 12);
INSERT INTO "SurveyQuestions" ("Id", "Content", "Grade", "SurveyCategoryId")
VALUES (61, 'How careful did doctor listen you?', 0, 13);
INSERT INTO "SurveyQuestions" ("Id", "Content", "Grade", "SurveyCategoryId")
VALUES (62, 'Has doctor been polite?', 0, 13);
INSERT INTO "SurveyQuestions" ("Id", "Content", "Grade", "SurveyCategoryId")
VALUES (63, 'Has he explained you your condition enough that you can understand it?', 0, 13);
INSERT INTO "SurveyQuestions" ("Id", "Content", "Grade", "SurveyCategoryId")
VALUES (64, 'How would you rate doctors'' professionalism?', 0, 13);
INSERT INTO "SurveyQuestions" ("Id", "Content", "Grade", "SurveyCategoryId")
VALUES (65, 'Your general grade for doctors'' service', 0, 13);
INSERT INTO "SurveyQuestions" ("Id", "Content", "Grade", "SurveyCategoryId")
VALUES (66, 'How much our medical staff were polite?', 0, 14);
INSERT INTO "SurveyQuestions" ("Id", "Content", "Grade", "SurveyCategoryId")
VALUES (67, 'How would you rate time span that you spend waiting untill doctor attended you?', 0, 14);
INSERT INTO "SurveyQuestions" ("Id", "Content", "Grade", "SurveyCategoryId")
VALUES (68, 'How prepared were stuff for emergency situations?', 0, 14);
INSERT INTO "SurveyQuestions" ("Id", "Content", "Grade", "SurveyCategoryId")
VALUES (69, 'How good has stuff explained you our procedures?', 0, 14);
INSERT INTO "SurveyQuestions" ("Id", "Content", "Grade", "SurveyCategoryId")
VALUES (70, 'Your general grade for medical stuffs'' service', 0, 14);
INSERT INTO "SurveyQuestions" ("Id", "Content", "Grade", "SurveyCategoryId")
VALUES (71, 'How would you rate our appointment organisation?', 0, 15);
INSERT INTO "SurveyQuestions" ("Id", "Content", "Grade", "SurveyCategoryId")
VALUES (72, 'How would you rate hospitals'' hygiene?', 0, 15);
INSERT INTO "SurveyQuestions" ("Id", "Content", "Grade", "SurveyCategoryId")
VALUES (73, 'How good were procedure for booking appointment?', 0, 15);
INSERT INTO "SurveyQuestions" ("Id", "Content", "Grade", "SurveyCategoryId")
VALUES (58, 'How good were procedure for booking appointment?', 0, 12);
INSERT INTO "SurveyQuestions" ("Id", "Content", "Grade", "SurveyCategoryId")
VALUES (38, 'How prepared were stuff for emergency situations?', 0, 8);
INSERT INTO "SurveyQuestions" ("Id", "Content", "Grade", "SurveyCategoryId")
VALUES (57, 'How would you rate hospitals'' hygiene?', 0, 12);
INSERT INTO "SurveyQuestions" ("Id", "Content", "Grade", "SurveyCategoryId")
VALUES (55, 'Your general grade for medical stuffs'' service', 0, 11);
INSERT INTO "SurveyQuestions" ("Id", "Content", "Grade", "SurveyCategoryId")
VALUES (40, 'Your general grade for medical stuffs'' service', 0, 8);
INSERT INTO "SurveyQuestions" ("Id", "Content", "Grade", "SurveyCategoryId")
VALUES (41, 'How would you rate our appointment organisation?', 0, 9);
INSERT INTO "SurveyQuestions" ("Id", "Content", "Grade", "SurveyCategoryId")
VALUES (42, 'How would you rate hospitals'' hygiene?', 0, 9);
INSERT INTO "SurveyQuestions" ("Id", "Content", "Grade", "SurveyCategoryId")
VALUES (43, 'How good were procedure for booking appointment?', 0, 9);
INSERT INTO "SurveyQuestions" ("Id", "Content", "Grade", "SurveyCategoryId")
VALUES (44, 'How easy was to use our application?', 0, 9);
INSERT INTO "SurveyQuestions" ("Id", "Content", "Grade", "SurveyCategoryId")
VALUES (45, 'Your general grade for whole hospital'' service', 0, 9);
INSERT INTO "SurveyQuestions" ("Id", "Content", "Grade", "SurveyCategoryId")
VALUES (46, 'How careful did doctor listen you?', 0, 10);
INSERT INTO "SurveyQuestions" ("Id", "Content", "Grade", "SurveyCategoryId")
VALUES (47, 'Has doctor been polite?', 0, 10);
INSERT INTO "SurveyQuestions" ("Id", "Content", "Grade", "SurveyCategoryId")
VALUES (48, 'Has he explained you your condition enough that you can understand it?', 0, 10);
INSERT INTO "SurveyQuestions" ("Id", "Content", "Grade", "SurveyCategoryId")
VALUES (49, 'How would you rate doctors'' professionalism?', 0, 10);
INSERT INTO "SurveyQuestions" ("Id", "Content", "Grade", "SurveyCategoryId")
VALUES (50, 'Your general grade for doctors'' service', 0, 10);
INSERT INTO "SurveyQuestions" ("Id", "Content", "Grade", "SurveyCategoryId")
VALUES (51, 'How much our medical staff were polite?', 0, 11);
INSERT INTO "SurveyQuestions" ("Id", "Content", "Grade", "SurveyCategoryId")
VALUES (52, 'How would you rate time span that you spend waiting untill doctor attended you?', 0, 11);
INSERT INTO "SurveyQuestions" ("Id", "Content", "Grade", "SurveyCategoryId")
VALUES (53, 'How prepared were stuff for emergency situations?', 0, 11);
INSERT INTO "SurveyQuestions" ("Id", "Content", "Grade", "SurveyCategoryId")
VALUES (54, 'How good has stuff explained you our procedures?', 0, 11);
INSERT INTO "SurveyQuestions" ("Id", "Content", "Grade", "SurveyCategoryId")
VALUES (56, 'How would you rate our appointment organisation?', 0, 12);
INSERT INTO "SurveyQuestions" ("Id", "Content", "Grade", "SurveyCategoryId")
VALUES (150, 'Your general grade for whole hospital'' service', 3, 30);

CREATE INDEX "IX_Day_DoctorId" ON "Day" ("DoctorId");

CREATE INDEX "IX_Patients_DoctorId" ON "Patients" ("DoctorId");

CREATE INDEX "IX_Prescriptions_PatientId" ON "Prescriptions" ("PatientId");

CREATE INDEX "IX_SurveyCategories_SurveyId" ON "SurveyCategories" ("SurveyId");

CREATE INDEX "IX_SurveyQuestions_SurveyCategoryId" ON "SurveyQuestions" ("SurveyCategoryId");

CREATE INDEX "IX_Surveys_AppointmentId" ON "Surveys" ("AppointmentId");

CREATE INDEX "IX_WorkDay_DoctorId" ON "WorkDay" ("DoctorId");

SELECT setval(
    pg_get_serial_sequence('"Allergens"', 'Id'),
    GREATEST(
        (SELECT MAX("Id") FROM "Allergens") + 1,
        nextval(pg_get_serial_sequence('"Allergens"', 'Id'))),
    false);
SELECT setval(
    pg_get_serial_sequence('"Appointments"', 'Id'),
    GREATEST(
        (SELECT MAX("Id") FROM "Appointments") + 1,
        nextval(pg_get_serial_sequence('"Appointments"', 'Id'))),
    false);
SELECT setval(
    pg_get_serial_sequence('"Buildings"', 'Id'),
    GREATEST(
        (SELECT MAX("Id") FROM "Buildings") + 1,
        nextval(pg_get_serial_sequence('"Buildings"', 'Id'))),
    false);
SELECT setval(
    pg_get_serial_sequence('"Doctors"', 'Id'),
    GREATEST(
        (SELECT MAX("Id") FROM "Doctors") + 1,
        nextval(pg_get_serial_sequence('"Doctors"', 'Id'))),
    false);
SELECT setval(
    pg_get_serial_sequence('"Equipments"', 'Id'),
    GREATEST(
        (SELECT MAX("Id") FROM "Equipments") + 1,
        nextval(pg_get_serial_sequence('"Equipments"', 'Id'))),
    false);
SELECT setval(
    pg_get_serial_sequence('"FeedbackMessages"', 'Id'),
    GREATEST(
        (SELECT MAX("Id") FROM "FeedbackMessages") + 1,
        nextval(pg_get_serial_sequence('"FeedbackMessages"', 'Id'))),
    false);
SELECT setval(
    pg_get_serial_sequence('"Floors"', 'Id'),
    GREATEST(
        (SELECT MAX("Id") FROM "Floors") + 1,
        nextval(pg_get_serial_sequence('"Floors"', 'Id'))),
    false);
SELECT setval(
    pg_get_serial_sequence('"Renovations"', 'Id'),
    GREATEST(
        (SELECT MAX("Id") FROM "Renovations") + 1,
        nextval(pg_get_serial_sequence('"Renovations"', 'Id'))),
    false);
SELECT setval(
    pg_get_serial_sequence('"Rooms"', 'Id'),
    GREATEST(
        (SELECT MAX("Id") FROM "Rooms") + 1,
        nextval(pg_get_serial_sequence('"Rooms"', 'Id'))),
    false);
SELECT setval(
    pg_get_serial_sequence('"Transfer"', 'Id'),
    GREATEST(
        (SELECT MAX("Id") FROM "Transfer") + 1,
        nextval(pg_get_serial_sequence('"Transfer"', 'Id'))),
    false);
SELECT setval(
    pg_get_serial_sequence('"Patients"', 'Id'),
    GREATEST(
        (SELECT MAX("Id") FROM "Patients") + 1,
        nextval(pg_get_serial_sequence('"Patients"', 'Id'))),
    false);
SELECT setval(
    pg_get_serial_sequence('"Surveys"', 'Id'),
    GREATEST(
        (SELECT MAX("Id") FROM "Surveys") + 1,
        nextval(pg_get_serial_sequence('"Surveys"', 'Id'))),
    false);
SELECT setval(
    pg_get_serial_sequence('"SurveyCategories"', 'Id'),
    GREATEST(
        (SELECT MAX("Id") FROM "SurveyCategories") + 1,
        nextval(pg_get_serial_sequence('"SurveyCategories"', 'Id'))),
    false);
SELECT setval(
    pg_get_serial_sequence('"SurveyQuestions"', 'Id'),
    GREATEST(
        (SELECT MAX("Id") FROM "SurveyQuestions") + 1,
        nextval(pg_get_serial_sequence('"SurveyQuestions"', 'Id'))),
    false);

INSERT INTO "__EFMigrationsHistory" ("MigrationId", "ProductVersion")
VALUES ('20211210001317_PatientPortalFifthMigration', '5.0.11');

COMMIT;

START TRANSACTION;

INSERT INTO "__EFMigrationsHistory" ("MigrationId", "ProductVersion")
VALUES ('20211212143053_name', '5.0.11');

COMMIT;