
CREATE TABLE public."AllergenForPatients" (
    "PatientId" integer NOT NULL,
    "AllergenId" integer NOT NULL,
    "Name" text
);


ALTER TABLE public."AllergenForPatients" OWNER TO postgres;

--
-- TOC entry 211 (class 1259 OID 43607)
-- Name: Allergens; Type: TABLE; Schema: public; Owner: postgres
--

CREATE TABLE public."Allergens" (
    "Id" integer NOT NULL,
    "Name" text
);


ALTER TABLE public."Allergens" OWNER TO postgres;

--
-- TOC entry 210 (class 1259 OID 43606)
-- Name: Allergens_Id_seq; Type: SEQUENCE; Schema: public; Owner: postgres
--

ALTER TABLE public."Allergens" ALTER COLUMN "Id" ADD GENERATED BY DEFAULT AS IDENTITY (
    SEQUENCE NAME public."Allergens_Id_seq"
    START WITH 1
    INCREMENT BY 1
    NO MINVALUE
    NO MAXVALUE
    CACHE 1
);


--
-- TOC entry 213 (class 1259 OID 43615)
-- Name: Appointments; Type: TABLE; Schema: public; Owner: postgres
--

CREATE TABLE public."Appointments" (
    "Id" integer NOT NULL,
    "PatientId" integer NOT NULL,
    "DoctorId" integer NOT NULL,
    "RoomId" integer NOT NULL,
    "isCancelled" boolean NOT NULL,
    "isDone" boolean NOT NULL,
    "Date" timestamp without time zone NOT NULL,
    "SurveyId" integer NOT NULL
);


ALTER TABLE public."Appointments" OWNER TO postgres;

--
-- TOC entry 212 (class 1259 OID 43614)
-- Name: Appointments_Id_seq; Type: SEQUENCE; Schema: public; Owner: postgres
--

ALTER TABLE public."Appointments" ALTER COLUMN "Id" ADD GENERATED BY DEFAULT AS IDENTITY (
    SEQUENCE NAME public."Appointments_Id_seq"
    START WITH 1
    INCREMENT BY 1
    NO MINVALUE
    NO MAXVALUE
    CACHE 1
);


--
-- TOC entry 215 (class 1259 OID 43621)
-- Name: Buildings; Type: TABLE; Schema: public; Owner: postgres
--

CREATE TABLE public."Buildings" (
    "Id" integer NOT NULL,
    "Name" text,
    "Type" integer NOT NULL,
    "X" real NOT NULL,
    "Y" real NOT NULL,
    "Width" real NOT NULL,
    "Height" real NOT NULL
);


ALTER TABLE public."Buildings" OWNER TO postgres;

--
-- TOC entry 214 (class 1259 OID 43620)
-- Name: Buildings_Id_seq; Type: SEQUENCE; Schema: public; Owner: postgres
--

ALTER TABLE public."Buildings" ALTER COLUMN "Id" ADD GENERATED BY DEFAULT AS IDENTITY (
    SEQUENCE NAME public."Buildings_Id_seq"
    START WITH 1
    INCREMENT BY 1
    NO MINVALUE
    NO MAXVALUE
    CACHE 1
);


--
-- TOC entry 216 (class 1259 OID 43628)
-- Name: CanceledAppointments; Type: TABLE; Schema: public; Owner: postgres
--

CREATE TABLE public."CanceledAppointments" (
    "PatientId" integer NOT NULL,
    "AppointmentId" integer NOT NULL,
    "DateOfCancellation" timestamp without time zone NOT NULL
);


ALTER TABLE public."CanceledAppointments" OWNER TO postgres;

--
-- TOC entry 246 (class 1259 OID 43745)
-- Name: Day; Type: TABLE; Schema: public; Owner: postgres
--

CREATE TABLE public."Day" (
    "DayId" integer NOT NULL,
    "Spec_Day" timestamp without time zone NOT NULL,
    "DoctorId" integer NOT NULL
);


ALTER TABLE public."Day" OWNER TO postgres;

--
-- TOC entry 245 (class 1259 OID 43744)
-- Name: Day_DayId_seq; Type: SEQUENCE; Schema: public; Owner: postgres
--

ALTER TABLE public."Day" ALTER COLUMN "DayId" ADD GENERATED BY DEFAULT AS IDENTITY (
    SEQUENCE NAME public."Day_DayId_seq"
    START WITH 1
    INCREMENT BY 1
    NO MINVALUE
    NO MAXVALUE
    CACHE 1
);


--
-- TOC entry 218 (class 1259 OID 43634)
-- Name: Doctors; Type: TABLE; Schema: public; Owner: postgres
--

CREATE TABLE public."Doctors" (
    "Id" integer NOT NULL,
    "WorkShiftId" integer NOT NULL,
    "Specialty" text,
    "PrimaryRoom" integer NOT NULL,
    "Name" text,
    "Surname" text,
    "BirthDate" timestamp without time zone NOT NULL,
    "Phone" text,
    "Username" text,
    "Email" text,
    "Gender" text,
    "Password" text,
    "Address" text,
    "Salary" double precision NOT NULL,
    "EmploymentDate" timestamp without time zone NOT NULL
);


ALTER TABLE public."Doctors" OWNER TO postgres;

--
-- TOC entry 217 (class 1259 OID 43633)
-- Name: Doctors_Id_seq; Type: SEQUENCE; Schema: public; Owner: postgres
--

ALTER TABLE public."Doctors" ALTER COLUMN "Id" ADD GENERATED BY DEFAULT AS IDENTITY (
    SEQUENCE NAME public."Doctors_Id_seq"
    START WITH 1
    INCREMENT BY 1
    NO MINVALUE
    NO MAXVALUE
    CACHE 1
);


--
-- TOC entry 220 (class 1259 OID 43642)
-- Name: Equipments; Type: TABLE; Schema: public; Owner: postgres
--

CREATE TABLE public."Equipments" (
    "Id" integer NOT NULL,
    "Name" text,
    "Type" integer NOT NULL,
    "Quantity" integer NOT NULL,
    "RoomId" integer NOT NULL
);


ALTER TABLE public."Equipments" OWNER TO postgres;

--
-- TOC entry 219 (class 1259 OID 43641)
-- Name: Equipments_Id_seq; Type: SEQUENCE; Schema: public; Owner: postgres
--

ALTER TABLE public."Equipments" ALTER COLUMN "Id" ADD GENERATED BY DEFAULT AS IDENTITY (
    SEQUENCE NAME public."Equipments_Id_seq"
    START WITH 1
    INCREMENT BY 1
    NO MINVALUE
    NO MAXVALUE
    CACHE 1
);


--
-- TOC entry 222 (class 1259 OID 43650)
-- Name: FeedbackMessages; Type: TABLE; Schema: public; Owner: postgres
--

CREATE TABLE public."FeedbackMessages" (
    "Id" integer NOT NULL,
    "Date" timestamp without time zone NOT NULL,
    "Text" text,
    "IsAnonymous" boolean NOT NULL,
    "Identity" text,
    "CanBePublished" boolean NOT NULL,
    "IsPublished" boolean NOT NULL
);


ALTER TABLE public."FeedbackMessages" OWNER TO postgres;

--
-- TOC entry 221 (class 1259 OID 43649)
-- Name: FeedbackMessages_Id_seq; Type: SEQUENCE; Schema: public; Owner: postgres
--

ALTER TABLE public."FeedbackMessages" ALTER COLUMN "Id" ADD GENERATED BY DEFAULT AS IDENTITY (
    SEQUENCE NAME public."FeedbackMessages_Id_seq"
    START WITH 1
    INCREMENT BY 1
    NO MINVALUE
    NO MAXVALUE
    CACHE 1
);


--
-- TOC entry 224 (class 1259 OID 43658)
-- Name: Floors; Type: TABLE; Schema: public; Owner: postgres
--

CREATE TABLE public."Floors" (
    "Id" integer NOT NULL,
    "Name" text,
    "BuildingId" integer NOT NULL,
    "X" real NOT NULL,
    "Y" real NOT NULL,
    "Width" real NOT NULL,
    "Height" real NOT NULL
);


ALTER TABLE public."Floors" OWNER TO postgres;

--
-- TOC entry 223 (class 1259 OID 43657)
-- Name: Floors_Id_seq; Type: SEQUENCE; Schema: public; Owner: postgres
--

ALTER TABLE public."Floors" ALTER COLUMN "Id" ADD GENERATED BY DEFAULT AS IDENTITY (
    SEQUENCE NAME public."Floors_Id_seq"
    START WITH 1
    INCREMENT BY 1
    NO MINVALUE
    NO MAXVALUE
    CACHE 1
);


--
-- TOC entry 226 (class 1259 OID 43666)
-- Name: Medicines; Type: TABLE; Schema: public; Owner: postgres
--

CREATE TABLE public."Medicines" (
    "Id" integer NOT NULL,
    "Name" text,
    "Quantity" integer NOT NULL,
    "Manufacturer" text,
    "Usage" text,
    "Weight" integer NOT NULL,
    "SideEffects" text,
    "Reactions" text,
    "CompatibileMedicine" text,
    "Price" double precision NOT NULL
);


ALTER TABLE public."Medicines" OWNER TO postgres;

--
-- TOC entry 225 (class 1259 OID 43665)
-- Name: Medicines_Id_seq; Type: SEQUENCE; Schema: public; Owner: postgres
--

ALTER TABLE public."Medicines" ALTER COLUMN "Id" ADD GENERATED BY DEFAULT AS IDENTITY (
    SEQUENCE NAME public."Medicines_Id_seq"
    START WITH 1
    INCREMENT BY 1
    NO MINVALUE
    NO MAXVALUE
    CACHE 1
);


--
-- TOC entry 228 (class 1259 OID 43674)
-- Name: OnCallShifts; Type: TABLE; Schema: public; Owner: postgres
--

CREATE TABLE public."OnCallShifts" (
    "Id" integer NOT NULL,
    "Date" timestamp without time zone NOT NULL,
    "DoctorId" integer NOT NULL
);


ALTER TABLE public."OnCallShifts" OWNER TO postgres;

--
-- TOC entry 227 (class 1259 OID 43673)
-- Name: OnCallShifts_Id_seq; Type: SEQUENCE; Schema: public; Owner: postgres
--

ALTER TABLE public."OnCallShifts" ALTER COLUMN "Id" ADD GENERATED BY DEFAULT AS IDENTITY (
    SEQUENCE NAME public."OnCallShifts_Id_seq"
    START WITH 1
    INCREMENT BY 1
    NO MINVALUE
    NO MAXVALUE
    CACHE 1
);


--
-- TOC entry 248 (class 1259 OID 43756)
-- Name: Patients; Type: TABLE; Schema: public; Owner: postgres
--

CREATE TABLE public."Patients" (
    "Id" integer NOT NULL,
    "ParentName" text,
    "DateOfRegistration" timestamp without time zone NOT NULL,
    "IsBlocked" boolean NOT NULL,
    "IsActive" boolean NOT NULL,
    "BloodType" text,
    "Name" text,
    "Surname" text,
    "BirthDate" timestamp without time zone NOT NULL,
    "Phone" text,
    "Email" text,
    "Gender" text,
    "Username" text,
    "Password" text,
    "Address" text,
    "EmploymentStatus" text,
    "Hashcode" text,
    "DoctorId" integer NOT NULL
);


ALTER TABLE public."Patients" OWNER TO postgres;

--
-- TOC entry 247 (class 1259 OID 43755)
-- Name: Patients_Id_seq; Type: SEQUENCE; Schema: public; Owner: postgres
--

ALTER TABLE public."Patients" ALTER COLUMN "Id" ADD GENERATED BY DEFAULT AS IDENTITY (
    SEQUENCE NAME public."Patients_Id_seq"
    START WITH 1
    INCREMENT BY 1
    NO MINVALUE
    NO MAXVALUE
    CACHE 1
);


--
-- TOC entry 259 (class 1259 OID 43831)
-- Name: Prescriptions; Type: TABLE; Schema: public; Owner: postgres
--

CREATE TABLE public."Prescriptions" (
    "Id" integer NOT NULL,
    "Diagnosis" text,
    "Medicine" text,
    "Quantity" integer NOT NULL,
    "Date" timestamp without time zone NOT NULL,
    "PatientId" integer NOT NULL
);


ALTER TABLE public."Prescriptions" OWNER TO postgres;

--
-- TOC entry 258 (class 1259 OID 43830)
-- Name: Prescriptions_Id_seq; Type: SEQUENCE; Schema: public; Owner: postgres
--

ALTER TABLE public."Prescriptions" ALTER COLUMN "Id" ADD GENERATED BY DEFAULT AS IDENTITY (
    SEQUENCE NAME public."Prescriptions_Id_seq"
    START WITH 1
    INCREMENT BY 1
    NO MINVALUE
    NO MAXVALUE
    CACHE 1
);


--
-- TOC entry 230 (class 1259 OID 43680)
-- Name: Renovations; Type: TABLE; Schema: public; Owner: postgres
--

CREATE TABLE public."Renovations" (
    "Id" integer NOT NULL,
    "FirstRoomId" integer NOT NULL,
    "SecondRoomId" integer NOT NULL,
    "Date" timestamp without time zone NOT NULL,
    "Duration" integer NOT NULL,
    "Type" integer NOT NULL
);


ALTER TABLE public."Renovations" OWNER TO postgres;

--
-- TOC entry 229 (class 1259 OID 43679)
-- Name: Renovations_Id_seq; Type: SEQUENCE; Schema: public; Owner: postgres
--

ALTER TABLE public."Renovations" ALTER COLUMN "Id" ADD GENERATED BY DEFAULT AS IDENTITY (
    SEQUENCE NAME public."Renovations_Id_seq"
    START WITH 1
    INCREMENT BY 1
    NO MINVALUE
    NO MAXVALUE
    CACHE 1
);


--
-- TOC entry 232 (class 1259 OID 43686)
-- Name: Rooms; Type: TABLE; Schema: public; Owner: postgres
--

CREATE TABLE public."Rooms" (
    "Id" integer NOT NULL,
    "Type" integer NOT NULL,
    "Name" text,
    "Description" text,
    "FloorId" integer NOT NULL,
    "X" real NOT NULL,
    "Y" real NOT NULL,
    "Width" real NOT NULL,
    "Height" real NOT NULL
);


ALTER TABLE public."Rooms" OWNER TO postgres;

--
-- TOC entry 231 (class 1259 OID 43685)
-- Name: Rooms_Id_seq; Type: SEQUENCE; Schema: public; Owner: postgres
--

ALTER TABLE public."Rooms" ALTER COLUMN "Id" ADD GENERATED BY DEFAULT AS IDENTITY (
    SEQUENCE NAME public."Rooms_Id_seq"
    START WITH 1
    INCREMENT BY 1
    NO MINVALUE
    NO MAXVALUE
    CACHE 1
);


--
-- TOC entry 256 (class 1259 OID 43806)
-- Name: SurveyCategories; Type: TABLE; Schema: public; Owner: postgres
--

CREATE TABLE public."SurveyCategories" (
    "Id" integer NOT NULL,
    "Name" text,
    "SurveyId" integer NOT NULL
);


ALTER TABLE public."SurveyCategories" OWNER TO postgres;

--
-- TOC entry 255 (class 1259 OID 43805)
-- Name: SurveyCategories_Id_seq; Type: SEQUENCE; Schema: public; Owner: postgres
--

ALTER TABLE public."SurveyCategories" ALTER COLUMN "Id" ADD GENERATED BY DEFAULT AS IDENTITY (
    SEQUENCE NAME public."SurveyCategories_Id_seq"
    START WITH 1
    INCREMENT BY 1
    NO MINVALUE
    NO MAXVALUE
    CACHE 1
);


--
-- TOC entry 261 (class 1259 OID 43844)
-- Name: SurveyQuestions; Type: TABLE; Schema: public; Owner: postgres
--

CREATE TABLE public."SurveyQuestions" (
    "Id" integer NOT NULL,
    "Content" text,
    "Grade" integer NOT NULL,
    "SurveyCategoryId" integer NOT NULL
);


ALTER TABLE public."SurveyQuestions" OWNER TO postgres;

--
-- TOC entry 260 (class 1259 OID 43843)
-- Name: SurveyQuestions_Id_seq; Type: SEQUENCE; Schema: public; Owner: postgres
--

ALTER TABLE public."SurveyQuestions" ALTER COLUMN "Id" ADD GENERATED BY DEFAULT AS IDENTITY (
    SEQUENCE NAME public."SurveyQuestions_Id_seq"
    START WITH 1
    INCREMENT BY 1
    NO MINVALUE
    NO MAXVALUE
    CACHE 1
);


--
-- TOC entry 244 (class 1259 OID 43734)
-- Name: Surveys; Type: TABLE; Schema: public; Owner: postgres
--

CREATE TABLE public."Surveys" (
    "Id" integer NOT NULL,
    "AppointmentId" integer NOT NULL,
    "Done" boolean NOT NULL
);


ALTER TABLE public."Surveys" OWNER TO postgres;

--
-- TOC entry 243 (class 1259 OID 43733)
-- Name: Surveys_Id_seq; Type: SEQUENCE; Schema: public; Owner: postgres
--

ALTER TABLE public."Surveys" ALTER COLUMN "Id" ADD GENERATED BY DEFAULT AS IDENTITY (
    SEQUENCE NAME public."Surveys_Id_seq"
    START WITH 1
    INCREMENT BY 1
    NO MINVALUE
    NO MAXVALUE
    CACHE 1
);


--
-- TOC entry 234 (class 1259 OID 43694)
-- Name: TenderResponses; Type: TABLE; Schema: public; Owner: postgres
--

CREATE TABLE public."TenderResponses" (
    "Id" integer NOT NULL,
    "TenderId" integer NOT NULL,
    "PharmacyName" text,
    "TotalPrice_Amount" double precision,
    "Description" text,
    "IsWinningBid" boolean NOT NULL
);


ALTER TABLE public."TenderResponses" OWNER TO postgres;

--
-- TOC entry 233 (class 1259 OID 43693)
-- Name: TenderResponses_Id_seq; Type: SEQUENCE; Schema: public; Owner: postgres
--

ALTER TABLE public."TenderResponses" ALTER COLUMN "Id" ADD GENERATED BY DEFAULT AS IDENTITY (
    SEQUENCE NAME public."TenderResponses_Id_seq"
    START WITH 1
    INCREMENT BY 1
    NO MINVALUE
    NO MAXVALUE
    CACHE 1
);


--
-- TOC entry 252 (class 1259 OID 43780)
-- Name: TenderResponses_TenderItems; Type: TABLE; Schema: public; Owner: postgres
--

CREATE TABLE public."TenderResponses_TenderItems" (
    "Id" integer NOT NULL,
    "TenderResponseId" integer NOT NULL,
    "Name" text,
    "Quantity" integer NOT NULL
);


ALTER TABLE public."TenderResponses_TenderItems" OWNER TO postgres;

--
-- TOC entry 251 (class 1259 OID 43779)
-- Name: TenderResponses_TenderItems_Id_seq; Type: SEQUENCE; Schema: public; Owner: postgres
--

ALTER TABLE public."TenderResponses_TenderItems" ALTER COLUMN "Id" ADD GENERATED BY DEFAULT AS IDENTITY (
    SEQUENCE NAME public."TenderResponses_TenderItems_Id_seq"
    START WITH 1
    INCREMENT BY 1
    NO MINVALUE
    NO MAXVALUE
    CACHE 1
);


--
-- TOC entry 236 (class 1259 OID 43702)
-- Name: Tenders; Type: TABLE; Schema: public; Owner: postgres
--

CREATE TABLE public."Tenders" (
    "Id" integer NOT NULL,
    "DateRange_Start" timestamp without time zone,
    "DateRange_End" timestamp without time zone,
    "Description" text
);


ALTER TABLE public."Tenders" OWNER TO postgres;

--
-- TOC entry 235 (class 1259 OID 43701)
-- Name: Tenders_Id_seq; Type: SEQUENCE; Schema: public; Owner: postgres
--

ALTER TABLE public."Tenders" ALTER COLUMN "Id" ADD GENERATED BY DEFAULT AS IDENTITY (
    SEQUENCE NAME public."Tenders_Id_seq"
    START WITH 1
    INCREMENT BY 1
    NO MINVALUE
    NO MAXVALUE
    CACHE 1
);


--
-- TOC entry 254 (class 1259 OID 43793)
-- Name: Tenders_TenderItems; Type: TABLE; Schema: public; Owner: postgres
--

CREATE TABLE public."Tenders_TenderItems" (
    "Id" integer NOT NULL,
    "TenderId" integer NOT NULL,
    "Name" text,
    "Quantity" integer NOT NULL
);


ALTER TABLE public."Tenders_TenderItems" OWNER TO postgres;

--
-- TOC entry 253 (class 1259 OID 43792)
-- Name: Tenders_TenderItems_Id_seq; Type: SEQUENCE; Schema: public; Owner: postgres
--

ALTER TABLE public."Tenders_TenderItems" ALTER COLUMN "Id" ADD GENERATED BY DEFAULT AS IDENTITY (
    SEQUENCE NAME public."Tenders_TenderItems_Id_seq"
    START WITH 1
    INCREMENT BY 1
    NO MINVALUE
    NO MAXVALUE
    CACHE 1
);


--
-- TOC entry 238 (class 1259 OID 43710)
-- Name: Transfer; Type: TABLE; Schema: public; Owner: postgres
--

CREATE TABLE public."Transfer" (
    "Id" integer NOT NULL,
    "Equipment" text,
    "Quantity" integer NOT NULL,
    "SourceRoomId" integer NOT NULL,
    "DestinationRoomId" integer NOT NULL,
    "Date" timestamp without time zone NOT NULL,
    "Duration" integer NOT NULL
);


ALTER TABLE public."Transfer" OWNER TO postgres;

--
-- TOC entry 237 (class 1259 OID 43709)
-- Name: Transfer_Id_seq; Type: SEQUENCE; Schema: public; Owner: postgres
--

ALTER TABLE public."Transfer" ALTER COLUMN "Id" ADD GENERATED BY DEFAULT AS IDENTITY (
    SEQUENCE NAME public."Transfer_Id_seq"
    START WITH 1
    INCREMENT BY 1
    NO MINVALUE
    NO MAXVALUE
    CACHE 1
);


--
-- TOC entry 240 (class 1259 OID 43718)
-- Name: Vacations; Type: TABLE; Schema: public; Owner: postgres
--

CREATE TABLE public."Vacations" (
    "Id" integer NOT NULL,
    "Description" text,
    "StartTime" timestamp without time zone NOT NULL,
    "EndTime" timestamp without time zone NOT NULL,
    "DoctorId" integer NOT NULL
);


ALTER TABLE public."Vacations" OWNER TO postgres;

--
-- TOC entry 239 (class 1259 OID 43717)
-- Name: Vacations_Id_seq; Type: SEQUENCE; Schema: public; Owner: postgres
--

ALTER TABLE public."Vacations" ALTER COLUMN "Id" ADD GENERATED BY DEFAULT AS IDENTITY (
    SEQUENCE NAME public."Vacations_Id_seq"
    START WITH 1
    INCREMENT BY 1
    NO MINVALUE
    NO MAXVALUE
    CACHE 1
);


--
-- TOC entry 250 (class 1259 OID 43769)
-- Name: WorkDay; Type: TABLE; Schema: public; Owner: postgres
--

CREATE TABLE public."WorkDay" (
    "Id" integer NOT NULL,
    "Day" integer NOT NULL,
    "StartTime" timestamp without time zone NOT NULL,
    "EndTime" timestamp without time zone NOT NULL,
    "DoctorId" integer
);


ALTER TABLE public."WorkDay" OWNER TO postgres;

--
-- TOC entry 242 (class 1259 OID 43726)
-- Name: WorkDayShift; Type: TABLE; Schema: public; Owner: postgres
--

CREATE TABLE public."WorkDayShift" (
    "Id" integer NOT NULL,
    "Name" text,
    "StartTime" timestamp without time zone NOT NULL,
    "EndTime" timestamp without time zone NOT NULL
);


ALTER TABLE public."WorkDayShift" OWNER TO postgres;

--
-- TOC entry 241 (class 1259 OID 43725)
-- Name: WorkDayShift_Id_seq; Type: SEQUENCE; Schema: public; Owner: postgres
--

ALTER TABLE public."WorkDayShift" ALTER COLUMN "Id" ADD GENERATED BY DEFAULT AS IDENTITY (
    SEQUENCE NAME public."WorkDayShift_Id_seq"
    START WITH 1
    INCREMENT BY 1
    NO MINVALUE
    NO MAXVALUE
    CACHE 1
);


--
-- TOC entry 249 (class 1259 OID 43768)
-- Name: WorkDay_Id_seq; Type: SEQUENCE; Schema: public; Owner: postgres
--

ALTER TABLE public."WorkDay" ALTER COLUMN "Id" ADD GENERATED BY DEFAULT AS IDENTITY (
    SEQUENCE NAME public."WorkDay_Id_seq"
    START WITH 1
    INCREMENT BY 1
    NO MINVALUE
    NO MAXVALUE
    CACHE 1
);


--
-- TOC entry 209 (class 1259 OID 43601)
-- Name: __EFMigrationsHistory; Type: TABLE; Schema: public; Owner: postgres
--

CREATE TABLE public."__EFMigrationsHistory" (
    "MigrationId" character varying(150) NOT NULL,
    "ProductVersion" character varying(32) NOT NULL
);


ALTER TABLE public."__EFMigrationsHistory" OWNER TO postgres;

--
-- TOC entry 3352 (class 2606 OID 43824)
-- Name: AllergenForPatients PK_AllergenForPatients; Type: CONSTRAINT; Schema: public; Owner: postgres
--

ALTER TABLE ONLY public."AllergenForPatients"
    ADD CONSTRAINT "PK_AllergenForPatients" PRIMARY KEY ("PatientId", "AllergenId");


--
-- TOC entry 3299 (class 2606 OID 43613)
-- Name: Allergens PK_Allergens; Type: CONSTRAINT; Schema: public; Owner: postgres
--

ALTER TABLE ONLY public."Allergens"
    ADD CONSTRAINT "PK_Allergens" PRIMARY KEY ("Id");


--
-- TOC entry 3301 (class 2606 OID 43619)
-- Name: Appointments PK_Appointments; Type: CONSTRAINT; Schema: public; Owner: postgres
--

ALTER TABLE ONLY public."Appointments"
    ADD CONSTRAINT "PK_Appointments" PRIMARY KEY ("Id");


--
-- TOC entry 3303 (class 2606 OID 43627)
-- Name: Buildings PK_Buildings; Type: CONSTRAINT; Schema: public; Owner: postgres
--

ALTER TABLE ONLY public."Buildings"
    ADD CONSTRAINT "PK_Buildings" PRIMARY KEY ("Id");


--
-- TOC entry 3305 (class 2606 OID 43632)
-- Name: CanceledAppointments PK_CanceledAppointments; Type: CONSTRAINT; Schema: public; Owner: postgres
--

ALTER TABLE ONLY public."CanceledAppointments"
    ADD CONSTRAINT "PK_CanceledAppointments" PRIMARY KEY ("PatientId", "AppointmentId");


--
-- TOC entry 3337 (class 2606 OID 43749)
-- Name: Day PK_Day; Type: CONSTRAINT; Schema: public; Owner: postgres
--

ALTER TABLE ONLY public."Day"
    ADD CONSTRAINT "PK_Day" PRIMARY KEY ("DayId");


--
-- TOC entry 3307 (class 2606 OID 43640)
-- Name: Doctors PK_Doctors; Type: CONSTRAINT; Schema: public; Owner: postgres
--

ALTER TABLE ONLY public."Doctors"
    ADD CONSTRAINT "PK_Doctors" PRIMARY KEY ("Id");


--
-- TOC entry 3309 (class 2606 OID 43648)
-- Name: Equipments PK_Equipments; Type: CONSTRAINT; Schema: public; Owner: postgres
--

ALTER TABLE ONLY public."Equipments"
    ADD CONSTRAINT "PK_Equipments" PRIMARY KEY ("Id");


--
-- TOC entry 3311 (class 2606 OID 43656)
-- Name: FeedbackMessages PK_FeedbackMessages; Type: CONSTRAINT; Schema: public; Owner: postgres
--

ALTER TABLE ONLY public."FeedbackMessages"
    ADD CONSTRAINT "PK_FeedbackMessages" PRIMARY KEY ("Id");


--
-- TOC entry 3313 (class 2606 OID 43664)
-- Name: Floors PK_Floors; Type: CONSTRAINT; Schema: public; Owner: postgres
--

ALTER TABLE ONLY public."Floors"
    ADD CONSTRAINT "PK_Floors" PRIMARY KEY ("Id");


--
-- TOC entry 3315 (class 2606 OID 43672)
-- Name: Medicines PK_Medicines; Type: CONSTRAINT; Schema: public; Owner: postgres
--

ALTER TABLE ONLY public."Medicines"
    ADD CONSTRAINT "PK_Medicines" PRIMARY KEY ("Id");


--
-- TOC entry 3317 (class 2606 OID 43678)
-- Name: OnCallShifts PK_OnCallShifts; Type: CONSTRAINT; Schema: public; Owner: postgres
--

ALTER TABLE ONLY public."OnCallShifts"
    ADD CONSTRAINT "PK_OnCallShifts" PRIMARY KEY ("Id");


--
-- TOC entry 3340 (class 2606 OID 43762)
-- Name: Patients PK_Patients; Type: CONSTRAINT; Schema: public; Owner: postgres
--

ALTER TABLE ONLY public."Patients"
    ADD CONSTRAINT "PK_Patients" PRIMARY KEY ("Id");


--
-- TOC entry 3355 (class 2606 OID 43837)
-- Name: Prescriptions PK_Prescriptions; Type: CONSTRAINT; Schema: public; Owner: postgres
--

ALTER TABLE ONLY public."Prescriptions"
    ADD CONSTRAINT "PK_Prescriptions" PRIMARY KEY ("Id");


--
-- TOC entry 3319 (class 2606 OID 43684)
-- Name: Renovations PK_Renovations; Type: CONSTRAINT; Schema: public; Owner: postgres
--

ALTER TABLE ONLY public."Renovations"
    ADD CONSTRAINT "PK_Renovations" PRIMARY KEY ("Id");


--
-- TOC entry 3321 (class 2606 OID 43692)
-- Name: Rooms PK_Rooms; Type: CONSTRAINT; Schema: public; Owner: postgres
--

ALTER TABLE ONLY public."Rooms"
    ADD CONSTRAINT "PK_Rooms" PRIMARY KEY ("Id");


--
-- TOC entry 3350 (class 2606 OID 43812)
-- Name: SurveyCategories PK_SurveyCategories; Type: CONSTRAINT; Schema: public; Owner: postgres
--

ALTER TABLE ONLY public."SurveyCategories"
    ADD CONSTRAINT "PK_SurveyCategories" PRIMARY KEY ("Id");


--
-- TOC entry 3358 (class 2606 OID 43850)
-- Name: SurveyQuestions PK_SurveyQuestions; Type: CONSTRAINT; Schema: public; Owner: postgres
--

ALTER TABLE ONLY public."SurveyQuestions"
    ADD CONSTRAINT "PK_SurveyQuestions" PRIMARY KEY ("Id");


--
-- TOC entry 3334 (class 2606 OID 43738)
-- Name: Surveys PK_Surveys; Type: CONSTRAINT; Schema: public; Owner: postgres
--

ALTER TABLE ONLY public."Surveys"
    ADD CONSTRAINT "PK_Surveys" PRIMARY KEY ("Id");


--
-- TOC entry 3323 (class 2606 OID 43700)
-- Name: TenderResponses PK_TenderResponses; Type: CONSTRAINT; Schema: public; Owner: postgres
--

ALTER TABLE ONLY public."TenderResponses"
    ADD CONSTRAINT "PK_TenderResponses" PRIMARY KEY ("Id");


--
-- TOC entry 3345 (class 2606 OID 43786)
-- Name: TenderResponses_TenderItems PK_TenderResponses_TenderItems; Type: CONSTRAINT; Schema: public; Owner: postgres
--

ALTER TABLE ONLY public."TenderResponses_TenderItems"
    ADD CONSTRAINT "PK_TenderResponses_TenderItems" PRIMARY KEY ("TenderResponseId", "Id");


--
-- TOC entry 3325 (class 2606 OID 43708)
-- Name: Tenders PK_Tenders; Type: CONSTRAINT; Schema: public; Owner: postgres
--

ALTER TABLE ONLY public."Tenders"
    ADD CONSTRAINT "PK_Tenders" PRIMARY KEY ("Id");


--
-- TOC entry 3347 (class 2606 OID 43799)
-- Name: Tenders_TenderItems PK_Tenders_TenderItems; Type: CONSTRAINT; Schema: public; Owner: postgres
--

ALTER TABLE ONLY public."Tenders_TenderItems"
    ADD CONSTRAINT "PK_Tenders_TenderItems" PRIMARY KEY ("TenderId", "Id");


--
-- TOC entry 3327 (class 2606 OID 43716)
-- Name: Transfer PK_Transfer; Type: CONSTRAINT; Schema: public; Owner: postgres
--

ALTER TABLE ONLY public."Transfer"
    ADD CONSTRAINT "PK_Transfer" PRIMARY KEY ("Id");


--
-- TOC entry 3329 (class 2606 OID 43724)
-- Name: Vacations PK_Vacations; Type: CONSTRAINT; Schema: public; Owner: postgres
--

ALTER TABLE ONLY public."Vacations"
    ADD CONSTRAINT "PK_Vacations" PRIMARY KEY ("Id");


--
-- TOC entry 3343 (class 2606 OID 43773)
-- Name: WorkDay PK_WorkDay; Type: CONSTRAINT; Schema: public; Owner: postgres
--

ALTER TABLE ONLY public."WorkDay"
    ADD CONSTRAINT "PK_WorkDay" PRIMARY KEY ("Id");


--
-- TOC entry 3331 (class 2606 OID 43732)
-- Name: WorkDayShift PK_WorkDayShift; Type: CONSTRAINT; Schema: public; Owner: postgres
--

ALTER TABLE ONLY public."WorkDayShift"
    ADD CONSTRAINT "PK_WorkDayShift" PRIMARY KEY ("Id");


--
-- TOC entry 3297 (class 2606 OID 43605)
-- Name: __EFMigrationsHistory PK___EFMigrationsHistory; Type: CONSTRAINT; Schema: public; Owner: postgres
--

ALTER TABLE ONLY public."__EFMigrationsHistory"
    ADD CONSTRAINT "PK___EFMigrationsHistory" PRIMARY KEY ("MigrationId");


--
-- TOC entry 3335 (class 1259 OID 43856)
-- Name: IX_Day_DoctorId; Type: INDEX; Schema: public; Owner: postgres
--

CREATE INDEX "IX_Day_DoctorId" ON public."Day" USING btree ("DoctorId");


--
-- TOC entry 3338 (class 1259 OID 43857)
-- Name: IX_Patients_DoctorId; Type: INDEX; Schema: public; Owner: postgres
--

CREATE INDEX "IX_Patients_DoctorId" ON public."Patients" USING btree ("DoctorId");


--
-- TOC entry 3353 (class 1259 OID 43858)
-- Name: IX_Prescriptions_PatientId; Type: INDEX; Schema: public; Owner: postgres
--

CREATE INDEX "IX_Prescriptions_PatientId" ON public."Prescriptions" USING btree ("PatientId");


--
-- TOC entry 3348 (class 1259 OID 43859)
-- Name: IX_SurveyCategories_SurveyId; Type: INDEX; Schema: public; Owner: postgres
--

CREATE INDEX "IX_SurveyCategories_SurveyId" ON public."SurveyCategories" USING btree ("SurveyId");


--
-- TOC entry 3356 (class 1259 OID 43860)
-- Name: IX_SurveyQuestions_SurveyCategoryId; Type: INDEX; Schema: public; Owner: postgres
--

CREATE INDEX "IX_SurveyQuestions_SurveyCategoryId" ON public."SurveyQuestions" USING btree ("SurveyCategoryId");


--
-- TOC entry 3332 (class 1259 OID 43861)
-- Name: IX_Surveys_AppointmentId; Type: INDEX; Schema: public; Owner: postgres
--

CREATE INDEX "IX_Surveys_AppointmentId" ON public."Surveys" USING btree ("AppointmentId");


--
-- TOC entry 3341 (class 1259 OID 43862)
-- Name: IX_WorkDay_DoctorId; Type: INDEX; Schema: public; Owner: postgres
--

CREATE INDEX "IX_WorkDay_DoctorId" ON public."WorkDay" USING btree ("DoctorId");


--
-- TOC entry 3366 (class 2606 OID 43825)
-- Name: AllergenForPatients FK_AllergenForPatients_Patients_PatientId; Type: FK CONSTRAINT; Schema: public; Owner: postgres
--

ALTER TABLE ONLY public."AllergenForPatients"
    ADD CONSTRAINT "FK_AllergenForPatients_Patients_PatientId" FOREIGN KEY ("PatientId") REFERENCES public."Patients"("Id") ON DELETE CASCADE;


--
-- TOC entry 3360 (class 2606 OID 43750)
-- Name: Day FK_Day_Doctors_DoctorId; Type: FK CONSTRAINT; Schema: public; Owner: postgres
--

ALTER TABLE ONLY public."Day"
    ADD CONSTRAINT "FK_Day_Doctors_DoctorId" FOREIGN KEY ("DoctorId") REFERENCES public."Doctors"("Id") ON DELETE CASCADE;


--
-- TOC entry 3361 (class 2606 OID 43763)
-- Name: Patients FK_Patients_Doctors_DoctorId; Type: FK CONSTRAINT; Schema: public; Owner: postgres
--

ALTER TABLE ONLY public."Patients"
    ADD CONSTRAINT "FK_Patients_Doctors_DoctorId" FOREIGN KEY ("DoctorId") REFERENCES public."Doctors"("Id") ON DELETE CASCADE;


--
-- TOC entry 3367 (class 2606 OID 43838)
-- Name: Prescriptions FK_Prescriptions_Patients_PatientId; Type: FK CONSTRAINT; Schema: public; Owner: postgres
--

ALTER TABLE ONLY public."Prescriptions"
    ADD CONSTRAINT "FK_Prescriptions_Patients_PatientId" FOREIGN KEY ("PatientId") REFERENCES public."Patients"("Id") ON DELETE CASCADE;


--
-- TOC entry 3365 (class 2606 OID 43813)
-- Name: SurveyCategories FK_SurveyCategories_Surveys_SurveyId; Type: FK CONSTRAINT; Schema: public; Owner: postgres
--

ALTER TABLE ONLY public."SurveyCategories"
    ADD CONSTRAINT "FK_SurveyCategories_Surveys_SurveyId" FOREIGN KEY ("SurveyId") REFERENCES public."Surveys"("Id") ON DELETE CASCADE;


--
-- TOC entry 3368 (class 2606 OID 43851)
-- Name: SurveyQuestions FK_SurveyQuestions_SurveyCategories_SurveyCategoryId; Type: FK CONSTRAINT; Schema: public; Owner: postgres
--

ALTER TABLE ONLY public."SurveyQuestions"
    ADD CONSTRAINT "FK_SurveyQuestions_SurveyCategories_SurveyCategoryId" FOREIGN KEY ("SurveyCategoryId") REFERENCES public."SurveyCategories"("Id") ON DELETE CASCADE;


--
-- TOC entry 3359 (class 2606 OID 43739)
-- Name: Surveys FK_Surveys_Appointments_AppointmentId; Type: FK CONSTRAINT; Schema: public; Owner: postgres
--

ALTER TABLE ONLY public."Surveys"
    ADD CONSTRAINT "FK_Surveys_Appointments_AppointmentId" FOREIGN KEY ("AppointmentId") REFERENCES public."Appointments"("Id") ON DELETE CASCADE;


--
-- TOC entry 3363 (class 2606 OID 43787)
-- Name: TenderResponses_TenderItems FK_TenderResponses_TenderItems_TenderResponses_TenderResponseId; Type: FK CONSTRAINT; Schema: public; Owner: postgres
--

ALTER TABLE ONLY public."TenderResponses_TenderItems"
    ADD CONSTRAINT "FK_TenderResponses_TenderItems_TenderResponses_TenderResponseId" FOREIGN KEY ("TenderResponseId") REFERENCES public."TenderResponses"("Id") ON DELETE CASCADE;


--
-- TOC entry 3364 (class 2606 OID 43800)
-- Name: Tenders_TenderItems FK_Tenders_TenderItems_Tenders_TenderId; Type: FK CONSTRAINT; Schema: public; Owner: postgres
--

ALTER TABLE ONLY public."Tenders_TenderItems"
    ADD CONSTRAINT "FK_Tenders_TenderItems_Tenders_TenderId" FOREIGN KEY ("TenderId") REFERENCES public."Tenders"("Id") ON DELETE CASCADE;


--
-- TOC entry 3362 (class 2606 OID 43774)
-- Name: WorkDay FK_WorkDay_Doctors_DoctorId; Type: FK CONSTRAINT; Schema: public; Owner: postgres
--

ALTER TABLE ONLY public."WorkDay"
    ADD CONSTRAINT "FK_WorkDay_Doctors_DoctorId" FOREIGN KEY ("DoctorId") REFERENCES public."Doctors"("Id") ON DELETE RESTRICT;


--
-- TOC entry 3514 (class 0 OID 0)
-- Dependencies: 3513
-- Name: DATABASE "hospitalDb"; Type: ACL; Schema: -; Owner: postgres
--

REVOKE CONNECT,TEMPORARY ON DATABASE "hospitalDb" FROM PUBLIC;
GRANT ALL ON DATABASE "hospitalDb" TO PUBLIC;


-- Completed on 2022-01-10 20:16:01

--
-- PostgreSQL database dump complete
--

INSERT INTO public."Doctors" ("Id", "WorkShiftId", "Specialty", "PrimaryRoom", "Name", "Surname", "BirthDate", "Phone", "Username", "Email", "Gender", "Password", "Address", "Salary", "EmploymentDate") VALUES (4, 2, 'Surgery', 4, 'Dragana', 'Zoric', '1968-01-08 00:00:00', '0697856665', 'dragana', 'dragana@gmail.com', 'female', 'dragana', 'Mike Antice 5', 80000, '2017-03-10 00:00:00');
INSERT INTO public."Doctors" ("Id", "WorkShiftId", "Specialty", "PrimaryRoom", "Name", "Surname", "BirthDate", "Phone", "Username", "Email", "Gender", "Password", "Address", "Salary", "EmploymentDate") VALUES (3, 1, 'General medicine', 3, 'Jozef', 'Sivc', '1986-04-06 00:00:00', '0697856665', 'jozef', 'jozika@gmail.com', 'male', 'jozef', 'Bulevar Oslobodjenja 5', 80000, '2011-03-10 00:00:00');
INSERT INTO public."Doctors" ("Id", "WorkShiftId", "Specialty", "PrimaryRoom", "Name", "Surname", "BirthDate", "Phone", "Username", "Email", "Gender", "Password", "Address", "Salary", "EmploymentDate") VALUES (1, 2, 'General medicine', 1, 'Nikola', 'Nikolic', '1981-05-06 00:00:00', '0697856665', 'nikola', 'nikolanikolic@gmail.com', 'male', 'nikola', 'Brace Radica 15', 80000, '2021-06-10 00:00:00');
INSERT INTO public."Doctors" ("Id", "WorkShiftId", "Specialty", "PrimaryRoom", "Name", "Surname", "BirthDate", "Phone", "Username", "Email", "Gender", "Password", "Address", "Salary", "EmploymentDate") VALUES (2, 1, 'General medicine', 2, 'Marko', 'Radic', '1986-04-06 00:00:00', '0697856665', 'marko', 'markoradic@gmail.com', 'male', 'marko', 'Bogoboja Atanackovica 5', 80000, '2020-06-07 00:00:00');
INSERT INTO public."Doctors" ("Id", "WorkShiftId", "Specialty", "PrimaryRoom", "Name", "Surname", "BirthDate", "Phone", "Username", "Email", "Gender", "Password", "Address", "Salary", "EmploymentDate") VALUES (6, 1, 'General medicine', 6, 'Misa', 'Bradina', '1968-06-07 00:00:00', '0697856665', 'misa', 'misa@gmail.com', 'male', 'misa', 'Pariske Komune 85', 80000, '2006-03-10 00:00:00');
INSERT INTO public."Doctors" ("Id", "WorkShiftId", "Specialty", "PrimaryRoom", "Name", "Surname", "BirthDate", "Phone", "Username", "Email", "Gender", "Password", "Address", "Salary", "EmploymentDate") VALUES (5, 2, 'Surgery', 5, 'Mile', 'Grandic', '1978-11-07 00:00:00', '0697856665', 'mile', 'mile@gmail.com', 'male', 'mile', 'Pariske Komune 35', 80000, '2007-03-10 00:00:00');


--
-- TOC entry 3547 (class 0 OID 43756)
-- Dependencies: 248
-- Data for Name: Patients; Type: TABLE DATA; Schema: public; Owner: postgres
--

INSERT INTO public."Patients" ("Id", "ParentName", "DateOfRegistration", "IsBlocked", "IsActive", "BloodType", "Name", "Surname", "BirthDate", "Phone", "Email", "Gender", "Username", "Password", "Address", "EmploymentStatus", "Hashcode", "DoctorId") VALUES (8, 'zorka', '0001-01-01 00:00:00', false, true, 'B', 'Zorka', 'Djokic', '1987-07-01 00:00:00', '0697856665', 'zorka@gmail.com', 'female', 'zorka', 'zorka', 'Kralja Petra 19', 'Unemployed', NULL, 6);
INSERT INTO public."Patients" ("Id", "ParentName", "DateOfRegistration", "IsBlocked", "IsActive", "BloodType", "Name", "Surname", "BirthDate", "Phone", "Email", "Gender", "Username", "Password", "Address", "EmploymentStatus", "Hashcode", "DoctorId") VALUES (6, 'miki', '0001-01-01 00:00:00', false, true, 'A', 'Predrag', 'Zaric', '1975-07-11 00:00:00', '0697856665', 'miki@gmail.com', 'male', 'predrag', 'predrag', 'Voje Rodica 19', 'Employed', NULL, 3);
INSERT INTO public."Patients" ("Id", "ParentName", "DateOfRegistration", "IsBlocked", "IsActive", "BloodType", "Name", "Surname", "BirthDate", "Phone", "Email", "Gender", "Username", "Password", "Address", "EmploymentStatus", "Hashcode", "DoctorId") VALUES (5, 'miki', '0001-01-01 00:00:00', false, true, 'A', 'Igor', 'Caric', '1936-07-11 00:00:00', '0697856665', 'miki@gmail.com', 'male', 'igor', 'igor', 'Voje Rodica 19', 'Employed', NULL, 3);
INSERT INTO public."Patients" ("Id", "ParentName", "DateOfRegistration", "IsBlocked", "IsActive", "BloodType", "Name", "Surname", "BirthDate", "Phone", "Email", "Gender", "Username", "Password", "Address", "EmploymentStatus", "Hashcode", "DoctorId") VALUES (4, 'miki', '0001-01-01 00:00:00', false, true, 'A', 'Milica', 'Maric', '1969-07-11 00:00:00', '0697856665', 'miki@gmail.com', 'male', 'milica', 'milica', 'Voje Rodica 19', 'Employed', NULL, 3);
INSERT INTO public."Patients" ("Id", "ParentName", "DateOfRegistration", "IsBlocked", "IsActive", "BloodType", "Name", "Surname", "BirthDate", "Phone", "Email", "Gender", "Username", "Password", "Address", "EmploymentStatus", "Hashcode", "DoctorId") VALUES (3, 'miki', '0001-01-01 00:00:00', false, true, 'A', 'Zorana', 'Bilic', '1978-07-11 00:00:00', '0697856665', 'miki@gmail.com', 'male', 'zorana', 'zorana', 'Voje Rodica 19', 'Employed', NULL, 2);
INSERT INTO public."Patients" ("Id", "ParentName", "DateOfRegistration", "IsBlocked", "IsActive", "BloodType", "Name", "Surname", "BirthDate", "Phone", "Email", "Gender", "Username", "Password", "Address", "EmploymentStatus", "Hashcode", "DoctorId") VALUES (2, 'miki', '0001-01-01 00:00:00', false, true, 'A', 'Jovan', 'Zoric', '1985-07-11 00:00:00', '0697856665', 'miki@gmail.com', 'male', 'jovan', 'jovan', 'Voje Rodica 19', 'Employed', NULL, 2);
INSERT INTO public."Patients" ("Id", "ParentName", "DateOfRegistration", "IsBlocked", "IsActive", "BloodType", "Name", "Surname", "BirthDate", "Phone", "Email", "Gender", "Username", "Password", "Address", "EmploymentStatus", "Hashcode", "DoctorId") VALUES (1, 'miki', '0001-01-01 00:00:00', false, true, 'A', 'Petar', 'Petrovic', '2005-09-11 00:00:00', '0634556665', 'petar@gmail.com', 'male', 'petar', 'petar', 'Bogoboja Atanackovica 15', 'Employed', NULL, 1);
INSERT INTO public."Patients" ("Id", "ParentName", "DateOfRegistration", "IsBlocked", "IsActive", "BloodType", "Name", "Surname", "BirthDate", "Phone", "Email", "Gender", "Username", "Password", "Address", "EmploymentStatus", "Hashcode", "DoctorId") VALUES (7, 'miki', '0001-01-01 00:00:00', false, true, 'A', 'Miki', 'Nikolic', '1960-07-11 00:00:00', '0697856665', 'miki@gmail.com', 'male', 'miki', 'miki', 'Voje Rodica 19', 'Employed', NULL, 3);


--
-- TOC entry 3556 (class 0 OID 43818)
-- Dependencies: 257
-- Data for Name: AllergenForPatients; Type: TABLE DATA; Schema: public; Owner: postgres
--



--
-- TOC entry 3510 (class 0 OID 43607)
-- Dependencies: 211
-- Data for Name: Allergens; Type: TABLE DATA; Schema: public; Owner: postgres
--

INSERT INTO public."Allergens" ("Id", "Name") VALUES (1, 'Polen ambrozije');
INSERT INTO public."Allergens" ("Id", "Name") VALUES (10, 'Školjke');
INSERT INTO public."Allergens" ("Id", "Name") VALUES (9, 'Jaja');
INSERT INTO public."Allergens" ("Id", "Name") VALUES (8, 'Kravlje mleko');
INSERT INTO public."Allergens" ("Id", "Name") VALUES (7, 'Kikiriki');
INSERT INTO public."Allergens" ("Id", "Name") VALUES (2, 'Ibuprofen');
INSERT INTO public."Allergens" ("Id", "Name") VALUES (5, 'Mačija dlaka');
INSERT INTO public."Allergens" ("Id", "Name") VALUES (4, 'Penicilin');
INSERT INTO public."Allergens" ("Id", "Name") VALUES (3, 'Aspirin');
INSERT INTO public."Allergens" ("Id", "Name") VALUES (6, 'Lateks');


--
-- TOC entry 3512 (class 0 OID 43615)
-- Dependencies: 213
-- Data for Name: Appointments; Type: TABLE DATA; Schema: public; Owner: postgres
--

INSERT INTO public."Appointments" ("Id", "PatientId", "DoctorId", "RoomId", "isCancelled", "isDone", "Date", "SurveyId") VALUES (23, 19, 3, 3, false, false, '2022-02-22 12:00:00', 23);
INSERT INTO public."Appointments" ("Id", "PatientId", "DoctorId", "RoomId", "isCancelled", "isDone", "Date", "SurveyId") VALUES (22, 18, 3, 3, false, false, '2022-02-22 11:30:00', 22);
INSERT INTO public."Appointments" ("Id", "PatientId", "DoctorId", "RoomId", "isCancelled", "isDone", "Date", "SurveyId") VALUES (21, 17, 3, 3, false, false, '2022-02-22 11:00:00', 21);
INSERT INTO public."Appointments" ("Id", "PatientId", "DoctorId", "RoomId", "isCancelled", "isDone", "Date", "SurveyId") VALUES (20, 16, 3, 3, false, false, '2022-02-22 10:30:00', 20);
INSERT INTO public."Appointments" ("Id", "PatientId", "DoctorId", "RoomId", "isCancelled", "isDone", "Date", "SurveyId") VALUES (19, 15, 3, 3, false, false, '2022-02-22 10:00:00', 19);
INSERT INTO public."Appointments" ("Id", "PatientId", "DoctorId", "RoomId", "isCancelled", "isDone", "Date", "SurveyId") VALUES (18, 14, 3, 3, false, false, '2022-02-22 09:30:00', 18);
INSERT INTO public."Appointments" ("Id", "PatientId", "DoctorId", "RoomId", "isCancelled", "isDone", "Date", "SurveyId") VALUES (17, 13, 3, 3, false, false, '2022-02-22 09:00:00', 17);
INSERT INTO public."Appointments" ("Id", "PatientId", "DoctorId", "RoomId", "isCancelled", "isDone", "Date", "SurveyId") VALUES (16, 12, 3, 3, false, false, '2022-02-22 08:30:00', 16);
INSERT INTO public."Appointments" ("Id", "PatientId", "DoctorId", "RoomId", "isCancelled", "isDone", "Date", "SurveyId") VALUES (15, 11, 3, 3, false, false, '2022-02-22 08:00:00', 15);
INSERT INTO public."Appointments" ("Id", "PatientId", "DoctorId", "RoomId", "isCancelled", "isDone", "Date", "SurveyId") VALUES (14, 10, 3, 3, false, false, '2022-02-22 07:30:00', 14);
INSERT INTO public."Appointments" ("Id", "PatientId", "DoctorId", "RoomId", "isCancelled", "isDone", "Date", "SurveyId") VALUES (13, 9, 3, 3, false, false, '2022-02-22 07:00:00', 13);
INSERT INTO public."Appointments" ("Id", "PatientId", "DoctorId", "RoomId", "isCancelled", "isDone", "Date", "SurveyId") VALUES (11, 1, 1, 1, false, false, '2022-02-22 12:00:00', 11);
INSERT INTO public."Appointments" ("Id", "PatientId", "DoctorId", "RoomId", "isCancelled", "isDone", "Date", "SurveyId") VALUES (10, 1, 2, 2, false, true, '2021-02-22 11:30:00', 10);
INSERT INTO public."Appointments" ("Id", "PatientId", "DoctorId", "RoomId", "isCancelled", "isDone", "Date", "SurveyId") VALUES (9, 1, 1, 1, false, false, '2022-02-22 11:00:00', 9);
INSERT INTO public."Appointments" ("Id", "PatientId", "DoctorId", "RoomId", "isCancelled", "isDone", "Date", "SurveyId") VALUES (24, 20, 3, 3, false, false, '2022-02-22 12:30:00', 24);
INSERT INTO public."Appointments" ("Id", "PatientId", "DoctorId", "RoomId", "isCancelled", "isDone", "Date", "SurveyId") VALUES (7, 7, 1, 1, false, false, '2022-02-22 10:00:00', 7);
INSERT INTO public."Appointments" ("Id", "PatientId", "DoctorId", "RoomId", "isCancelled", "isDone", "Date", "SurveyId") VALUES (6, 6, 1, 1, false, false, '2022-02-22 09:30:00', 6);
INSERT INTO public."Appointments" ("Id", "PatientId", "DoctorId", "RoomId", "isCancelled", "isDone", "Date", "SurveyId") VALUES (5, 5, 1, 1, false, false, '2022-02-22 09:00:00', 5);
INSERT INTO public."Appointments" ("Id", "PatientId", "DoctorId", "RoomId", "isCancelled", "isDone", "Date", "SurveyId") VALUES (4, 4, 1, 1, false, false, '2022-02-22 08:30:00', 4);
INSERT INTO public."Appointments" ("Id", "PatientId", "DoctorId", "RoomId", "isCancelled", "isDone", "Date", "SurveyId") VALUES (3, 3, 1, 1, false, false, '2022-02-22 08:00:00', 3);
INSERT INTO public."Appointments" ("Id", "PatientId", "DoctorId", "RoomId", "isCancelled", "isDone", "Date", "SurveyId") VALUES (2, 2, 1, 1, false, false, '2022-02-22 07:30:00', 2);
INSERT INTO public."Appointments" ("Id", "PatientId", "DoctorId", "RoomId", "isCancelled", "isDone", "Date", "SurveyId") VALUES (1, 1, 1, 1, false, false, '2022-02-22 07:00:00', 1);
INSERT INTO public."Appointments" ("Id", "PatientId", "DoctorId", "RoomId", "isCancelled", "isDone", "Date", "SurveyId") VALUES (12, 1, 1, 1, false, false, '2022-02-22 12:30:00', 12);
INSERT INTO public."Appointments" ("Id", "PatientId", "DoctorId", "RoomId", "isCancelled", "isDone", "Date", "SurveyId") VALUES (8, 8, 1, 1, false, false, '2022-02-22 10:30:00', 8);


--
-- TOC entry 3514 (class 0 OID 43621)
-- Dependencies: 215
-- Data for Name: Buildings; Type: TABLE DATA; Schema: public; Owner: postgres
--

INSERT INTO public."Buildings" ("Id", "Name", "Type", "X", "Y", "Width", "Height") VALUES (1, 'Building1', 0, 260, 30, 400, 140);
INSERT INTO public."Buildings" ("Id", "Name", "Type", "X", "Y", "Width", "Height") VALUES (2, 'Building2', 0, 260, 230, 400, 140);
INSERT INTO public."Buildings" ("Id", "Name", "Type", "X", "Y", "Width", "Height") VALUES (3, 'Building3', 0, 30, 130, 180, 240);
INSERT INTO public."Buildings" ("Id", "Name", "Type", "X", "Y", "Width", "Height") VALUES (4, 'Building4', 0, 700, 230, 300, 140);
INSERT INTO public."Buildings" ("Id", "Name", "Type", "X", "Y", "Width", "Height") VALUES (5, 'Parking1', 1, 30, 30, 200, 70);
INSERT INTO public."Buildings" ("Id", "Name", "Type", "X", "Y", "Width", "Height") VALUES (6, 'Parking2', 1, 800, 30, 200, 70);
INSERT INTO public."Buildings" ("Id", "Name", "Type", "X", "Y", "Width", "Height") VALUES (7, 'Parking3', 1, 800, 130, 200, 70);


--
-- TOC entry 3515 (class 0 OID 43628)
-- Dependencies: 216
-- Data for Name: CanceledAppointments; Type: TABLE DATA; Schema: public; Owner: postgres
--

INSERT INTO public."CanceledAppointments" ("PatientId", "AppointmentId", "DateOfCancellation") VALUES (1, 1765, '2021-12-21 00:00:00');
INSERT INTO public."CanceledAppointments" ("PatientId", "AppointmentId", "DateOfCancellation") VALUES (2, 1799, '2021-12-11 00:00:00');
INSERT INTO public."CanceledAppointments" ("PatientId", "AppointmentId", "DateOfCancellation") VALUES (1, 1764, '2021-12-11 00:00:00');
INSERT INTO public."CanceledAppointments" ("PatientId", "AppointmentId", "DateOfCancellation") VALUES (6, 1769, '2021-12-07 00:00:00');
INSERT INTO public."CanceledAppointments" ("PatientId", "AppointmentId", "DateOfCancellation") VALUES (6, 1768, '2021-12-06 00:00:00');
INSERT INTO public."CanceledAppointments" ("PatientId", "AppointmentId", "DateOfCancellation") VALUES (1, 1766, '2021-12-19 00:00:00');
INSERT INTO public."CanceledAppointments" ("PatientId", "AppointmentId", "DateOfCancellation") VALUES (1, 1777, '2021-12-22 00:00:00');
INSERT INTO public."CanceledAppointments" ("PatientId", "AppointmentId", "DateOfCancellation") VALUES (6, 1780, '2021-12-21 00:00:00');
INSERT INTO public."CanceledAppointments" ("PatientId", "AppointmentId", "DateOfCancellation") VALUES (1, 1763, '2021-12-30 00:00:00');
INSERT INTO public."CanceledAppointments" ("PatientId", "AppointmentId", "DateOfCancellation") VALUES (6, 1767, '2021-12-08 00:00:00');
INSERT INTO public."CanceledAppointments" ("PatientId", "AppointmentId", "DateOfCancellation") VALUES (1, 1870, '2021-12-22 00:00:00');


--
-- TOC entry 3545 (class 0 OID 43745)
-- Dependencies: 246
-- Data for Name: Day; Type: TABLE DATA; Schema: public; Owner: postgres
--



--
-- TOC entry 3519 (class 0 OID 43642)
-- Dependencies: 220
-- Data for Name: Equipments; Type: TABLE DATA; Schema: public; Owner: postgres
--

INSERT INTO public."Equipments" ("Id", "Name", "Type", "Quantity", "RoomId") VALUES (22, 'Needle', 1, 1, 22);
INSERT INTO public."Equipments" ("Id", "Name", "Type", "Quantity", "RoomId") VALUES (24, 'Bandage', 1, 1, 23);
INSERT INTO public."Equipments" ("Id", "Name", "Type", "Quantity", "RoomId") VALUES (25, 'Blanket', 0, 1, 23);
INSERT INTO public."Equipments" ("Id", "Name", "Type", "Quantity", "RoomId") VALUES (26, 'Bed', 0, 3, 26);
INSERT INTO public."Equipments" ("Id", "Name", "Type", "Quantity", "RoomId") VALUES (21, 'Bed', 0, 1, 20);
INSERT INTO public."Equipments" ("Id", "Name", "Type", "Quantity", "RoomId") VALUES (23, 'TV', 0, 1, 22);
INSERT INTO public."Equipments" ("Id", "Name", "Type", "Quantity", "RoomId") VALUES (18, 'TV', 0, 1, 17);
INSERT INTO public."Equipments" ("Id", "Name", "Type", "Quantity", "RoomId") VALUES (19, 'Bandage', 1, 120, 17);
INSERT INTO public."Equipments" ("Id", "Name", "Type", "Quantity", "RoomId") VALUES (1, 'Bed', 0, 5, 1);
INSERT INTO public."Equipments" ("Id", "Name", "Type", "Quantity", "RoomId") VALUES (2, 'Needle', 1, 25, 1);
INSERT INTO public."Equipments" ("Id", "Name", "Type", "Quantity", "RoomId") VALUES (3, 'TV', 0, 1, 1);
INSERT INTO public."Equipments" ("Id", "Name", "Type", "Quantity", "RoomId") VALUES (4, 'Bandage', 1, 10, 1);
INSERT INTO public."Equipments" ("Id", "Name", "Type", "Quantity", "RoomId") VALUES (5, 'Blanket', 0, 5, 1);
INSERT INTO public."Equipments" ("Id", "Name", "Type", "Quantity", "RoomId") VALUES (6, 'Bed', 0, 2, 2);
INSERT INTO public."Equipments" ("Id", "Name", "Type", "Quantity", "RoomId") VALUES (7, 'Needle', 1, 3, 2);
INSERT INTO public."Equipments" ("Id", "Name", "Type", "Quantity", "RoomId") VALUES (8, 'TV', 0, 3, 4);
INSERT INTO public."Equipments" ("Id", "Name", "Type", "Quantity", "RoomId") VALUES (9, 'Bandage', 1, 5, 4);
INSERT INTO public."Equipments" ("Id", "Name", "Type", "Quantity", "RoomId") VALUES (10, 'Blanket', 0, 2, 4);
INSERT INTO public."Equipments" ("Id", "Name", "Type", "Quantity", "RoomId") VALUES (11, 'Bed', 0, 25, 8);
INSERT INTO public."Equipments" ("Id", "Name", "Type", "Quantity", "RoomId") VALUES (12, 'Needle', 1, 3, 9);
INSERT INTO public."Equipments" ("Id", "Name", "Type", "Quantity", "RoomId") VALUES (13, 'TV', 0, 4, 9);
INSERT INTO public."Equipments" ("Id", "Name", "Type", "Quantity", "RoomId") VALUES (14, 'Bandage', 1, 6, 11);
INSERT INTO public."Equipments" ("Id", "Name", "Type", "Quantity", "RoomId") VALUES (15, 'Blanket', 0, 5, 11);
INSERT INTO public."Equipments" ("Id", "Name", "Type", "Quantity", "RoomId") VALUES (16, 'Bed', 0, 26, 15);
INSERT INTO public."Equipments" ("Id", "Name", "Type", "Quantity", "RoomId") VALUES (17, 'Needle', 1, 23, 17);
INSERT INTO public."Equipments" ("Id", "Name", "Type", "Quantity", "RoomId") VALUES (20, 'Blanket', 0, 52, 18);
INSERT INTO public."Equipments" ("Id", "Name", "Type", "Quantity", "RoomId") VALUES (29, 'Bandage', 1, 4, 30);
INSERT INTO public."Equipments" ("Id", "Name", "Type", "Quantity", "RoomId") VALUES (54, 'Bandage', 1, 17, 69);
INSERT INTO public."Equipments" ("Id", "Name", "Type", "Quantity", "RoomId") VALUES (45, 'Blanket', 0, 15, 55);
INSERT INTO public."Equipments" ("Id", "Name", "Type", "Quantity", "RoomId") VALUES (38, 'TV', 0, 3, 45);
INSERT INTO public."Equipments" ("Id", "Name", "Type", "Quantity", "RoomId") VALUES (39, 'Bandage', 1, 9, 47);
INSERT INTO public."Equipments" ("Id", "Name", "Type", "Quantity", "RoomId") VALUES (40, 'Blanket', 0, 9, 47);
INSERT INTO public."Equipments" ("Id", "Name", "Type", "Quantity", "RoomId") VALUES (41, 'Bed', 0, 7, 50);
INSERT INTO public."Equipments" ("Id", "Name", "Type", "Quantity", "RoomId") VALUES (42, 'Needle', 1, 4, 51);
INSERT INTO public."Equipments" ("Id", "Name", "Type", "Quantity", "RoomId") VALUES (43, 'TV', 0, 1, 52);
INSERT INTO public."Equipments" ("Id", "Name", "Type", "Quantity", "RoomId") VALUES (44, 'Bandage', 1, 11, 55);
INSERT INTO public."Equipments" ("Id", "Name", "Type", "Quantity", "RoomId") VALUES (35, 'Blanket', 0, 9, 40);
INSERT INTO public."Equipments" ("Id", "Name", "Type", "Quantity", "RoomId") VALUES (46, 'Bed', 0, 13, 60);
INSERT INTO public."Equipments" ("Id", "Name", "Type", "Quantity", "RoomId") VALUES (47, 'Needle', 1, 13, 60);
INSERT INTO public."Equipments" ("Id", "Name", "Type", "Quantity", "RoomId") VALUES (48, 'TV', 0, 2, 62);
INSERT INTO public."Equipments" ("Id", "Name", "Type", "Quantity", "RoomId") VALUES (37, 'Needle', 1, 9, 43);
INSERT INTO public."Equipments" ("Id", "Name", "Type", "Quantity", "RoomId") VALUES (49, 'Bandage', 1, 13, 62);
INSERT INTO public."Equipments" ("Id", "Name", "Type", "Quantity", "RoomId") VALUES (51, 'Bed', 0, 17, 65);
INSERT INTO public."Equipments" ("Id", "Name", "Type", "Quantity", "RoomId") VALUES (52, 'Needle', 1, 17, 66);
INSERT INTO public."Equipments" ("Id", "Name", "Type", "Quantity", "RoomId") VALUES (53, 'TV', 0, 2, 68);
INSERT INTO public."Equipments" ("Id", "Name", "Type", "Quantity", "RoomId") VALUES (27, 'Needle', 1, 2, 26);
INSERT INTO public."Equipments" ("Id", "Name", "Type", "Quantity", "RoomId") VALUES (55, 'Blanket', 0, 17, 69);
INSERT INTO public."Equipments" ("Id", "Name", "Type", "Quantity", "RoomId") VALUES (34, 'Bandage', 1, 1, 40);
INSERT INTO public."Equipments" ("Id", "Name", "Type", "Quantity", "RoomId") VALUES (33, 'TV', 0, 3, 40);
INSERT INTO public."Equipments" ("Id", "Name", "Type", "Quantity", "RoomId") VALUES (32, 'Needle', 1, 4, 36);
INSERT INTO public."Equipments" ("Id", "Name", "Type", "Quantity", "RoomId") VALUES (31, 'Bed', 0, 7, 36);
INSERT INTO public."Equipments" ("Id", "Name", "Type", "Quantity", "RoomId") VALUES (28, 'TV', 0, 2, 29);
INSERT INTO public."Equipments" ("Id", "Name", "Type", "Quantity", "RoomId") VALUES (30, 'Blanket', 0, 4, 30);
INSERT INTO public."Equipments" ("Id", "Name", "Type", "Quantity", "RoomId") VALUES (50, 'Blanket', 0, 13, 65);
INSERT INTO public."Equipments" ("Id", "Name", "Type", "Quantity", "RoomId") VALUES (36, 'Bed', 0, 9, 43);


--
-- TOC entry 3521 (class 0 OID 43650)
-- Dependencies: 222
-- Data for Name: FeedbackMessages; Type: TABLE DATA; Schema: public; Owner: postgres
--

INSERT INTO public."FeedbackMessages" ("Id", "Date", "Text", "IsAnonymous", "Identity", "CanBePublished", "IsPublished") VALUES (7, '2021-09-30 07:50:19', 'Savremena bolnica koju bih preporučio ljudima.', false, 'JovanaGugl', true, true);
INSERT INTO public."FeedbackMessages" ("Id", "Date", "Text", "IsAnonymous", "Identity", "CanBePublished", "IsPublished") VALUES (1, '2021-04-29 18:34:21', 'Zadovoljan sam uslugom.', false, 'acaNikolic', true, false);
INSERT INTO public."FeedbackMessages" ("Id", "Date", "Text", "IsAnonymous", "Identity", "CanBePublished", "IsPublished") VALUES (2, '2021-06-21 14:21:56', 'Čekanje je moglo biti kraće.', true, 'NikolaTodorovic94', true, false);
INSERT INTO public."FeedbackMessages" ("Id", "Date", "Text", "IsAnonymous", "Identity", "CanBePublished", "IsPublished") VALUES (3, '2021-02-16 11:08:47', 'Informacionom sistemu potrebne su određene popravke.', false, 'MarijaPopovic', false, false);
INSERT INTO public."FeedbackMessages" ("Id", "Date", "Text", "IsAnonymous", "Identity", "CanBePublished", "IsPublished") VALUES (4, '2021-05-20 09:10:21', 'Odlični lekari.', false, 'UrosDevic0', true, false);
INSERT INTO public."FeedbackMessages" ("Id", "Date", "Text", "IsAnonymous", "Identity", "CanBePublished", "IsPublished") VALUES (6, '2021-09-30 07:50:19', 'Savremena bolnica koju bih preporučio ljudima.', false, 'IvanJovanovic', true, true);
INSERT INTO public."FeedbackMessages" ("Id", "Date", "Text", "IsAnonymous", "Identity", "CanBePublished", "IsPublished") VALUES (8, '2021-09-30 07:50:19', 'Savremena bolnica koju bih preporučio ljudima.', false, 'RatkoVarda8', true, true);
INSERT INTO public."FeedbackMessages" ("Id", "Date", "Text", "IsAnonymous", "Identity", "CanBePublished", "IsPublished") VALUES (5, '2021-09-30 07:50:19', 'Savremena bolnica koju bih preporučio ljudima.', false, 'MladenAlicic1', true, true);


--
-- TOC entry 3523 (class 0 OID 43658)
-- Dependencies: 224
-- Data for Name: Floors; Type: TABLE DATA; Schema: public; Owner: postgres
--

INSERT INTO public."Floors" ("Id", "Name", "BuildingId", "X", "Y", "Width", "Height") VALUES (9, 'Floor 1', 4, 0, 0, 0, 0);
INSERT INTO public."Floors" ("Id", "Name", "BuildingId", "X", "Y", "Width", "Height") VALUES (10, 'Floor 2', 4, 0, 0, 0, 0);
INSERT INTO public."Floors" ("Id", "Name", "BuildingId", "X", "Y", "Width", "Height") VALUES (3, 'Floor 3', 1, 0, 0, 0, 0);
INSERT INTO public."Floors" ("Id", "Name", "BuildingId", "X", "Y", "Width", "Height") VALUES (4, 'Floor 1', 2, 0, 0, 0, 0);
INSERT INTO public."Floors" ("Id", "Name", "BuildingId", "X", "Y", "Width", "Height") VALUES (5, 'Floor 2', 2, 0, 0, 0, 0);
INSERT INTO public."Floors" ("Id", "Name", "BuildingId", "X", "Y", "Width", "Height") VALUES (6, 'Floor 1', 3, 0, 0, 0, 0);
INSERT INTO public."Floors" ("Id", "Name", "BuildingId", "X", "Y", "Width", "Height") VALUES (7, 'Floor 2', 3, 0, 0, 0, 0);
INSERT INTO public."Floors" ("Id", "Name", "BuildingId", "X", "Y", "Width", "Height") VALUES (8, 'Floor 3', 3, 0, 0, 0, 0);
INSERT INTO public."Floors" ("Id", "Name", "BuildingId", "X", "Y", "Width", "Height") VALUES (2, 'Floor 2', 1, 0, 0, 0, 0);
INSERT INTO public."Floors" ("Id", "Name", "BuildingId", "X", "Y", "Width", "Height") VALUES (1, 'Floor 1', 1, 0, 0, 0, 0);


--
-- TOC entry 3525 (class 0 OID 43666)
-- Dependencies: 226
-- Data for Name: Medicines; Type: TABLE DATA; Schema: public; Owner: postgres
--



--
-- TOC entry 3527 (class 0 OID 43674)
-- Dependencies: 228
-- Data for Name: OnCallShifts; Type: TABLE DATA; Schema: public; Owner: postgres
--

INSERT INTO public."OnCallShifts" ("Id", "Date", "DoctorId") VALUES (1, '2022-02-02 14:00:00', 1);
INSERT INTO public."OnCallShifts" ("Id", "Date", "DoctorId") VALUES (6, '2021-11-28 14:00:00', 2);
INSERT INTO public."OnCallShifts" ("Id", "Date", "DoctorId") VALUES (5, '2021-11-23 10:00:00', 1);
INSERT INTO public."OnCallShifts" ("Id", "Date", "DoctorId") VALUES (4, '2021-11-24 10:00:00', 2);
INSERT INTO public."OnCallShifts" ("Id", "Date", "DoctorId") VALUES (3, '2022-08-22 09:30:00', 1);
INSERT INTO public."OnCallShifts" ("Id", "Date", "DoctorId") VALUES (2, '2021-11-25 09:30:00', 2);


--
-- TOC entry 3558 (class 0 OID 43831)
-- Dependencies: 259
-- Data for Name: Prescriptions; Type: TABLE DATA; Schema: public; Owner: postgres
--



--
-- TOC entry 3529 (class 0 OID 43680)
-- Dependencies: 230
-- Data for Name: Renovations; Type: TABLE DATA; Schema: public; Owner: postgres
--

INSERT INTO public."Renovations" ("Id", "FirstRoomId", "SecondRoomId", "Date", "Duration", "Type") VALUES (2, 1, 0, '2022-02-05 14:00:00', 3, 0);
INSERT INTO public."Renovations" ("Id", "FirstRoomId", "SecondRoomId", "Date", "Duration", "Type") VALUES (3, 47, 62, '2022-02-20 14:00:00', 2, 1);
INSERT INTO public."Renovations" ("Id", "FirstRoomId", "SecondRoomId", "Date", "Duration", "Type") VALUES (1, 1, 2, '2022-02-02 14:00:00', 2, 1);


--
-- TOC entry 3531 (class 0 OID 43686)
-- Dependencies: 232
-- Data for Name: Rooms; Type: TABLE DATA; Schema: public; Owner: postgres
--

INSERT INTO public."Rooms" ("Id", "Type", "Name", "Description", "FloorId", "X", "Y", "Width", "Height") VALUES (70, 2, 'WC', 'Room description...', 10, 50, 170, 150, 90);
INSERT INTO public."Rooms" ("Id", "Type", "Name", "Description", "FloorId", "X", "Y", "Width", "Height") VALUES (69, 0, 'Room for appointments', 'Room description...', 10, 720, 30, 280, 140);
INSERT INTO public."Rooms" ("Id", "Type", "Name", "Description", "FloorId", "X", "Y", "Width", "Height") VALUES (49, 2, 'WC', 'Room description...', 7, 50, 170, 150, 90);
INSERT INTO public."Rooms" ("Id", "Type", "Name", "Description", "FloorId", "X", "Y", "Width", "Height") VALUES (67, 0, 'Room for appointments', 'Room description...', 10, 700, 260, 300, 140);
INSERT INTO public."Rooms" ("Id", "Type", "Name", "Description", "FloorId", "X", "Y", "Width", "Height") VALUES (20, 0, 'Room for appointments', 'Room description...', 3, 720, 30, 280, 140);
INSERT INTO public."Rooms" ("Id", "Type", "Name", "Description", "FloorId", "X", "Y", "Width", "Height") VALUES (68, 0, 'Room for appointments', 'Room description...', 10, 50, 30, 270, 140);
INSERT INTO public."Rooms" ("Id", "Type", "Name", "Description", "FloorId", "X", "Y", "Width", "Height") VALUES (22, 1, 'Operation room', 'Room description...', 4, 320, 30, 400, 140);
INSERT INTO public."Rooms" ("Id", "Type", "Name", "Description", "FloorId", "X", "Y", "Width", "Height") VALUES (23, 0, 'Room for appointments', 'Room description...', 4, 320, 260, 380, 140);
INSERT INTO public."Rooms" ("Id", "Type", "Name", "Description", "FloorId", "X", "Y", "Width", "Height") VALUES (24, 0, 'Room for appointments', 'Room description...', 4, 50, 260, 270, 140);
INSERT INTO public."Rooms" ("Id", "Type", "Name", "Description", "FloorId", "X", "Y", "Width", "Height") VALUES (25, 0, 'Room for appointments', 'Room description...', 4, 700, 260, 300, 140);
INSERT INTO public."Rooms" ("Id", "Type", "Name", "Description", "FloorId", "X", "Y", "Width", "Height") VALUES (26, 0, 'Room for appointments', 'Room description...', 4, 50, 30, 270, 140);
INSERT INTO public."Rooms" ("Id", "Type", "Name", "Description", "FloorId", "X", "Y", "Width", "Height") VALUES (27, 0, 'Room for appointments', 'Room description...', 4, 720, 30, 280, 140);
INSERT INTO public."Rooms" ("Id", "Type", "Name", "Description", "FloorId", "X", "Y", "Width", "Height") VALUES (28, 2, 'WC', 'Room description...', 4, 50, 170, 150, 90);
INSERT INTO public."Rooms" ("Id", "Type", "Name", "Description", "FloorId", "X", "Y", "Width", "Height") VALUES (29, 1, 'Operation room', 'Room description...', 5, 320, 30, 400, 140);
INSERT INTO public."Rooms" ("Id", "Type", "Name", "Description", "FloorId", "X", "Y", "Width", "Height") VALUES (30, 0, 'Room for appointments', 'Room description...', 5, 320, 260, 380, 140);
INSERT INTO public."Rooms" ("Id", "Type", "Name", "Description", "FloorId", "X", "Y", "Width", "Height") VALUES (31, 0, 'Room for appointments', 'Room description...', 5, 50, 260, 270, 140);
INSERT INTO public."Rooms" ("Id", "Type", "Name", "Description", "FloorId", "X", "Y", "Width", "Height") VALUES (32, 0, 'Room for appointments', 'Room description...', 5, 700, 260, 300, 140);
INSERT INTO public."Rooms" ("Id", "Type", "Name", "Description", "FloorId", "X", "Y", "Width", "Height") VALUES (33, 0, 'Room for appointments', 'Room description...', 5, 50, 30, 270, 140);
INSERT INTO public."Rooms" ("Id", "Type", "Name", "Description", "FloorId", "X", "Y", "Width", "Height") VALUES (34, 0, 'Room for appointments', 'Room description...', 5, 720, 30, 280, 140);
INSERT INTO public."Rooms" ("Id", "Type", "Name", "Description", "FloorId", "X", "Y", "Width", "Height") VALUES (19, 0, 'Room for appointments', 'Room description...', 3, 50, 30, 270, 140);
INSERT INTO public."Rooms" ("Id", "Type", "Name", "Description", "FloorId", "X", "Y", "Width", "Height") VALUES (35, 2, 'WC', 'Room description...', 5, 50, 170, 150, 90);
INSERT INTO public."Rooms" ("Id", "Type", "Name", "Description", "FloorId", "X", "Y", "Width", "Height") VALUES (18, 0, 'Room for appointments', 'Room description...', 3, 700, 260, 300, 140);
INSERT INTO public."Rooms" ("Id", "Type", "Name", "Description", "FloorId", "X", "Y", "Width", "Height") VALUES (16, 0, 'Room for appointments', 'Room description...', 3, 320, 260, 380, 140);
INSERT INTO public."Rooms" ("Id", "Type", "Name", "Description", "FloorId", "X", "Y", "Width", "Height") VALUES (1, 1, 'Operation room', 'Room description...', 1, 320, 30, 400, 140);
INSERT INTO public."Rooms" ("Id", "Type", "Name", "Description", "FloorId", "X", "Y", "Width", "Height") VALUES (2, 0, 'Room for appointments', 'Room description...', 1, 320, 260, 380, 140);
INSERT INTO public."Rooms" ("Id", "Type", "Name", "Description", "FloorId", "X", "Y", "Width", "Height") VALUES (3, 0, 'Room for appointments', 'Room description...', 1, 50, 260, 270, 140);
INSERT INTO public."Rooms" ("Id", "Type", "Name", "Description", "FloorId", "X", "Y", "Width", "Height") VALUES (4, 0, 'Room for appointments', 'Room description...', 1, 700, 260, 300, 140);
INSERT INTO public."Rooms" ("Id", "Type", "Name", "Description", "FloorId", "X", "Y", "Width", "Height") VALUES (5, 0, 'Room for appointments', 'Room description...', 1, 50, 30, 270, 140);
INSERT INTO public."Rooms" ("Id", "Type", "Name", "Description", "FloorId", "X", "Y", "Width", "Height") VALUES (6, 0, 'Room for appointments', 'Room description...', 1, 720, 30, 280, 140);
INSERT INTO public."Rooms" ("Id", "Type", "Name", "Description", "FloorId", "X", "Y", "Width", "Height") VALUES (7, 2, 'WC', 'Room description...', 1, 50, 170, 150, 90);
INSERT INTO public."Rooms" ("Id", "Type", "Name", "Description", "FloorId", "X", "Y", "Width", "Height") VALUES (8, 1, 'Operation room', 'Room description...', 2, 320, 30, 400, 140);
INSERT INTO public."Rooms" ("Id", "Type", "Name", "Description", "FloorId", "X", "Y", "Width", "Height") VALUES (9, 0, 'Room for appointments', 'Room description...', 2, 320, 260, 380, 140);
INSERT INTO public."Rooms" ("Id", "Type", "Name", "Description", "FloorId", "X", "Y", "Width", "Height") VALUES (10, 0, 'Room for appointments', 'Room description...', 2, 50, 260, 270, 140);
INSERT INTO public."Rooms" ("Id", "Type", "Name", "Description", "FloorId", "X", "Y", "Width", "Height") VALUES (11, 0, 'Room for appointments', 'Room description...', 2, 700, 260, 300, 140);
INSERT INTO public."Rooms" ("Id", "Type", "Name", "Description", "FloorId", "X", "Y", "Width", "Height") VALUES (12, 0, 'Room for appointments', 'Room description...', 2, 50, 30, 270, 140);
INSERT INTO public."Rooms" ("Id", "Type", "Name", "Description", "FloorId", "X", "Y", "Width", "Height") VALUES (13, 0, 'Room for appointments', 'Room description...', 2, 720, 30, 280, 140);
INSERT INTO public."Rooms" ("Id", "Type", "Name", "Description", "FloorId", "X", "Y", "Width", "Height") VALUES (14, 2, 'WC', 'Room description...', 2, 50, 170, 150, 90);
INSERT INTO public."Rooms" ("Id", "Type", "Name", "Description", "FloorId", "X", "Y", "Width", "Height") VALUES (15, 1, 'Operation room', 'Room description...', 3, 320, 30, 400, 140);
INSERT INTO public."Rooms" ("Id", "Type", "Name", "Description", "FloorId", "X", "Y", "Width", "Height") VALUES (17, 0, 'Room for appointments', 'Room description...', 3, 50, 260, 270, 140);
INSERT INTO public."Rooms" ("Id", "Type", "Name", "Description", "FloorId", "X", "Y", "Width", "Height") VALUES (36, 1, 'Operation room', 'Room description...', 6, 320, 30, 400, 140);
INSERT INTO public."Rooms" ("Id", "Type", "Name", "Description", "FloorId", "X", "Y", "Width", "Height") VALUES (21, 2, 'WC', 'Room description...', 3, 50, 170, 150, 90);
INSERT INTO public."Rooms" ("Id", "Type", "Name", "Description", "FloorId", "X", "Y", "Width", "Height") VALUES (38, 0, 'Room for appointments', 'Room description...', 6, 50, 260, 270, 140);
INSERT INTO public."Rooms" ("Id", "Type", "Name", "Description", "FloorId", "X", "Y", "Width", "Height") VALUES (37, 0, 'Room for appointments', 'Room description...', 6, 320, 260, 380, 140);
INSERT INTO public."Rooms" ("Id", "Type", "Name", "Description", "FloorId", "X", "Y", "Width", "Height") VALUES (65, 0, 'Room for appointments', 'Room description...', 10, 320, 260, 380, 140);
INSERT INTO public."Rooms" ("Id", "Type", "Name", "Description", "FloorId", "X", "Y", "Width", "Height") VALUES (64, 1, 'Operation room', 'Room description...', 10, 320, 30, 400, 140);
INSERT INTO public."Rooms" ("Id", "Type", "Name", "Description", "FloorId", "X", "Y", "Width", "Height") VALUES (63, 2, 'WC', 'Room description...', 9, 50, 170, 150, 90);
INSERT INTO public."Rooms" ("Id", "Type", "Name", "Description", "FloorId", "X", "Y", "Width", "Height") VALUES (62, 0, 'Room for appointments', 'Room description...', 9, 720, 30, 280, 140);
INSERT INTO public."Rooms" ("Id", "Type", "Name", "Description", "FloorId", "X", "Y", "Width", "Height") VALUES (61, 0, 'Room for appointments', 'Room description...', 9, 50, 30, 270, 140);
INSERT INTO public."Rooms" ("Id", "Type", "Name", "Description", "FloorId", "X", "Y", "Width", "Height") VALUES (60, 0, 'Room for appointments', 'Room description...', 9, 700, 260, 300, 140);
INSERT INTO public."Rooms" ("Id", "Type", "Name", "Description", "FloorId", "X", "Y", "Width", "Height") VALUES (59, 0, 'Room for appointments', 'Room description...', 9, 50, 260, 270, 140);
INSERT INTO public."Rooms" ("Id", "Type", "Name", "Description", "FloorId", "X", "Y", "Width", "Height") VALUES (58, 0, 'Room for appointments', 'Room description...', 9, 320, 260, 380, 140);
INSERT INTO public."Rooms" ("Id", "Type", "Name", "Description", "FloorId", "X", "Y", "Width", "Height") VALUES (57, 1, 'Operation room', 'Room description...', 9, 320, 30, 400, 140);
INSERT INTO public."Rooms" ("Id", "Type", "Name", "Description", "FloorId", "X", "Y", "Width", "Height") VALUES (56, 2, 'WC', 'Room description...', 8, 50, 170, 150, 90);
INSERT INTO public."Rooms" ("Id", "Type", "Name", "Description", "FloorId", "X", "Y", "Width", "Height") VALUES (55, 0, 'Room for appointments', 'Room description...', 8, 720, 30, 280, 140);
INSERT INTO public."Rooms" ("Id", "Type", "Name", "Description", "FloorId", "X", "Y", "Width", "Height") VALUES (54, 0, 'Room for appointments', 'Room description...', 8, 50, 30, 270, 140);
INSERT INTO public."Rooms" ("Id", "Type", "Name", "Description", "FloorId", "X", "Y", "Width", "Height") VALUES (53, 0, 'Room for appointments', 'Room description...', 8, 700, 260, 300, 140);
INSERT INTO public."Rooms" ("Id", "Type", "Name", "Description", "FloorId", "X", "Y", "Width", "Height") VALUES (51, 0, 'Room for appointments', 'Room description...', 8, 320, 260, 380, 140);
INSERT INTO public."Rooms" ("Id", "Type", "Name", "Description", "FloorId", "X", "Y", "Width", "Height") VALUES (50, 1, 'Operation room', 'Room description...', 8, 320, 30, 400, 140);
INSERT INTO public."Rooms" ("Id", "Type", "Name", "Description", "FloorId", "X", "Y", "Width", "Height") VALUES (66, 0, 'Room for appointments', 'Room description...', 10, 50, 260, 270, 140);
INSERT INTO public."Rooms" ("Id", "Type", "Name", "Description", "FloorId", "X", "Y", "Width", "Height") VALUES (48, 0, 'Room for appointments', 'Room description...', 7, 720, 30, 280, 140);
INSERT INTO public."Rooms" ("Id", "Type", "Name", "Description", "FloorId", "X", "Y", "Width", "Height") VALUES (47, 0, 'Room for appointments', 'Room description...', 7, 50, 30, 270, 140);
INSERT INTO public."Rooms" ("Id", "Type", "Name", "Description", "FloorId", "X", "Y", "Width", "Height") VALUES (46, 0, 'Room for appointments', 'Room description...', 7, 700, 260, 300, 140);
INSERT INTO public."Rooms" ("Id", "Type", "Name", "Description", "FloorId", "X", "Y", "Width", "Height") VALUES (45, 0, 'Room for appointments', 'Room description...', 7, 50, 260, 270, 140);
INSERT INTO public."Rooms" ("Id", "Type", "Name", "Description", "FloorId", "X", "Y", "Width", "Height") VALUES (44, 0, 'Room for appointments', 'Room description...', 7, 320, 260, 380, 140);
INSERT INTO public."Rooms" ("Id", "Type", "Name", "Description", "FloorId", "X", "Y", "Width", "Height") VALUES (43, 1, 'Operation room', 'Room description...', 7, 320, 30, 400, 140);
INSERT INTO public."Rooms" ("Id", "Type", "Name", "Description", "FloorId", "X", "Y", "Width", "Height") VALUES (42, 2, 'WC', 'Room description...', 6, 50, 170, 150, 90);
INSERT INTO public."Rooms" ("Id", "Type", "Name", "Description", "FloorId", "X", "Y", "Width", "Height") VALUES (41, 0, 'Room for appointments', 'Room description...', 6, 720, 30, 280, 140);
INSERT INTO public."Rooms" ("Id", "Type", "Name", "Description", "FloorId", "X", "Y", "Width", "Height") VALUES (40, 0, 'Room for appointments', 'Room description...', 6, 50, 30, 270, 140);
INSERT INTO public."Rooms" ("Id", "Type", "Name", "Description", "FloorId", "X", "Y", "Width", "Height") VALUES (39, 0, 'Room for appointments', 'Room description...', 6, 700, 260, 300, 140);
INSERT INTO public."Rooms" ("Id", "Type", "Name", "Description", "FloorId", "X", "Y", "Width", "Height") VALUES (52, 0, 'Room for appointments', 'Room description...', 8, 50, 260, 270, 140);


--
-- TOC entry 3543 (class 0 OID 43734)
-- Dependencies: 244
-- Data for Name: Surveys; Type: TABLE DATA; Schema: public; Owner: postgres
--

INSERT INTO public."Surveys" ("Id", "AppointmentId", "Done") VALUES (24, 24, false);
INSERT INTO public."Surveys" ("Id", "AppointmentId", "Done") VALUES (23, 23, false);
INSERT INTO public."Surveys" ("Id", "AppointmentId", "Done") VALUES (22, 22, false);
INSERT INTO public."Surveys" ("Id", "AppointmentId", "Done") VALUES (21, 21, false);
INSERT INTO public."Surveys" ("Id", "AppointmentId", "Done") VALUES (20, 20, false);
INSERT INTO public."Surveys" ("Id", "AppointmentId", "Done") VALUES (19, 19, false);
INSERT INTO public."Surveys" ("Id", "AppointmentId", "Done") VALUES (18, 18, false);
INSERT INTO public."Surveys" ("Id", "AppointmentId", "Done") VALUES (17, 17, false);
INSERT INTO public."Surveys" ("Id", "AppointmentId", "Done") VALUES (16, 16, false);
INSERT INTO public."Surveys" ("Id", "AppointmentId", "Done") VALUES (14, 14, false);
INSERT INTO public."Surveys" ("Id", "AppointmentId", "Done") VALUES (13, 13, false);
INSERT INTO public."Surveys" ("Id", "AppointmentId", "Done") VALUES (12, 12, false);
INSERT INTO public."Surveys" ("Id", "AppointmentId", "Done") VALUES (11, 11, false);
INSERT INTO public."Surveys" ("Id", "AppointmentId", "Done") VALUES (10, 10, true);
INSERT INTO public."Surveys" ("Id", "AppointmentId", "Done") VALUES (9, 9, false);
INSERT INTO public."Surveys" ("Id", "AppointmentId", "Done") VALUES (8, 8, false);
INSERT INTO public."Surveys" ("Id", "AppointmentId", "Done") VALUES (7, 7, false);
INSERT INTO public."Surveys" ("Id", "AppointmentId", "Done") VALUES (6, 6, false);
INSERT INTO public."Surveys" ("Id", "AppointmentId", "Done") VALUES (5, 5, false);
INSERT INTO public."Surveys" ("Id", "AppointmentId", "Done") VALUES (4, 4, false);
INSERT INTO public."Surveys" ("Id", "AppointmentId", "Done") VALUES (3, 3, false);
INSERT INTO public."Surveys" ("Id", "AppointmentId", "Done") VALUES (2, 2, false);
INSERT INTO public."Surveys" ("Id", "AppointmentId", "Done") VALUES (15, 15, false);
INSERT INTO public."Surveys" ("Id", "AppointmentId", "Done") VALUES (1, 1, false);


--
-- TOC entry 3555 (class 0 OID 43806)
-- Dependencies: 256
-- Data for Name: SurveyCategories; Type: TABLE DATA; Schema: public; Owner: postgres
--

INSERT INTO public."SurveyCategories" ("Id", "Name", "SurveyId") VALUES (1, 'Doctor', 1);
INSERT INTO public."SurveyCategories" ("Id", "Name", "SurveyId") VALUES (52, 'Doctor', 18);
INSERT INTO public."SurveyCategories" ("Id", "Name", "SurveyId") VALUES (51, 'Hospital', 17);
INSERT INTO public."SurveyCategories" ("Id", "Name", "SurveyId") VALUES (50, 'Medical stuff', 17);
INSERT INTO public."SurveyCategories" ("Id", "Name", "SurveyId") VALUES (49, 'Doctor', 17);
INSERT INTO public."SurveyCategories" ("Id", "Name", "SurveyId") VALUES (48, 'Hospital', 16);
INSERT INTO public."SurveyCategories" ("Id", "Name", "SurveyId") VALUES (47, 'Medical stuff', 16);
INSERT INTO public."SurveyCategories" ("Id", "Name", "SurveyId") VALUES (53, 'Medical stuff', 18);
INSERT INTO public."SurveyCategories" ("Id", "Name", "SurveyId") VALUES (46, 'Doctor', 16);
INSERT INTO public."SurveyCategories" ("Id", "Name", "SurveyId") VALUES (44, 'Medical stuff', 15);
INSERT INTO public."SurveyCategories" ("Id", "Name", "SurveyId") VALUES (43, 'Doctor', 15);
INSERT INTO public."SurveyCategories" ("Id", "Name", "SurveyId") VALUES (42, 'Hospital', 14);
INSERT INTO public."SurveyCategories" ("Id", "Name", "SurveyId") VALUES (41, 'Medical stuff', 14);
INSERT INTO public."SurveyCategories" ("Id", "Name", "SurveyId") VALUES (40, 'Doctor', 14);
INSERT INTO public."SurveyCategories" ("Id", "Name", "SurveyId") VALUES (39, 'Hospital', 13);
INSERT INTO public."SurveyCategories" ("Id", "Name", "SurveyId") VALUES (45, 'Hospital', 15);
INSERT INTO public."SurveyCategories" ("Id", "Name", "SurveyId") VALUES (38, 'Medical stuff', 13);
INSERT INTO public."SurveyCategories" ("Id", "Name", "SurveyId") VALUES (54, 'Hospital', 18);
INSERT INTO public."SurveyCategories" ("Id", "Name", "SurveyId") VALUES (56, 'Medical stuff', 19);
INSERT INTO public."SurveyCategories" ("Id", "Name", "SurveyId") VALUES (70, 'Doctor', 24);
INSERT INTO public."SurveyCategories" ("Id", "Name", "SurveyId") VALUES (69, 'Hospital', 23);
INSERT INTO public."SurveyCategories" ("Id", "Name", "SurveyId") VALUES (68, 'Medical stuff', 23);
INSERT INTO public."SurveyCategories" ("Id", "Name", "SurveyId") VALUES (67, 'Doctor', 23);
INSERT INTO public."SurveyCategories" ("Id", "Name", "SurveyId") VALUES (66, 'Hospital', 22);
INSERT INTO public."SurveyCategories" ("Id", "Name", "SurveyId") VALUES (65, 'Medical stuff', 22);
INSERT INTO public."SurveyCategories" ("Id", "Name", "SurveyId") VALUES (55, 'Doctor', 19);
INSERT INTO public."SurveyCategories" ("Id", "Name", "SurveyId") VALUES (64, 'Doctor', 22);
INSERT INTO public."SurveyCategories" ("Id", "Name", "SurveyId") VALUES (62, 'Medical stuff', 21);
INSERT INTO public."SurveyCategories" ("Id", "Name", "SurveyId") VALUES (61, 'Doctor', 21);
INSERT INTO public."SurveyCategories" ("Id", "Name", "SurveyId") VALUES (60, 'Hospital', 20);
INSERT INTO public."SurveyCategories" ("Id", "Name", "SurveyId") VALUES (59, 'Medical stuff', 20);
INSERT INTO public."SurveyCategories" ("Id", "Name", "SurveyId") VALUES (58, 'Doctor', 20);
INSERT INTO public."SurveyCategories" ("Id", "Name", "SurveyId") VALUES (57, 'Hospital', 19);
INSERT INTO public."SurveyCategories" ("Id", "Name", "SurveyId") VALUES (63, 'Hospital', 21);
INSERT INTO public."SurveyCategories" ("Id", "Name", "SurveyId") VALUES (37, 'Doctor', 13);
INSERT INTO public."SurveyCategories" ("Id", "Name", "SurveyId") VALUES (36, 'Hospital', 12);
INSERT INTO public."SurveyCategories" ("Id", "Name", "SurveyId") VALUES (35, 'Medical stuff', 12);
INSERT INTO public."SurveyCategories" ("Id", "Name", "SurveyId") VALUES (15, 'Hospital', 5);
INSERT INTO public."SurveyCategories" ("Id", "Name", "SurveyId") VALUES (14, 'Medical stuff', 5);
INSERT INTO public."SurveyCategories" ("Id", "Name", "SurveyId") VALUES (13, 'Doctor', 5);
INSERT INTO public."SurveyCategories" ("Id", "Name", "SurveyId") VALUES (12, 'Hospital', 4);
INSERT INTO public."SurveyCategories" ("Id", "Name", "SurveyId") VALUES (11, 'Medical stuff', 4);
INSERT INTO public."SurveyCategories" ("Id", "Name", "SurveyId") VALUES (10, 'Doctor', 4);
INSERT INTO public."SurveyCategories" ("Id", "Name", "SurveyId") VALUES (16, 'Doctor', 6);
INSERT INTO public."SurveyCategories" ("Id", "Name", "SurveyId") VALUES (9, 'Hospital', 3);
INSERT INTO public."SurveyCategories" ("Id", "Name", "SurveyId") VALUES (7, 'Doctor', 3);
INSERT INTO public."SurveyCategories" ("Id", "Name", "SurveyId") VALUES (6, 'Hospital', 2);
INSERT INTO public."SurveyCategories" ("Id", "Name", "SurveyId") VALUES (5, 'Medical stuff', 2);
INSERT INTO public."SurveyCategories" ("Id", "Name", "SurveyId") VALUES (4, 'Doctor', 2);
INSERT INTO public."SurveyCategories" ("Id", "Name", "SurveyId") VALUES (3, 'Hospital', 1);
INSERT INTO public."SurveyCategories" ("Id", "Name", "SurveyId") VALUES (2, 'Medical stuff', 1);
INSERT INTO public."SurveyCategories" ("Id", "Name", "SurveyId") VALUES (8, 'Medical stuff', 3);
INSERT INTO public."SurveyCategories" ("Id", "Name", "SurveyId") VALUES (17, 'Medical stuff', 6);
INSERT INTO public."SurveyCategories" ("Id", "Name", "SurveyId") VALUES (18, 'Hospital', 6);
INSERT INTO public."SurveyCategories" ("Id", "Name", "SurveyId") VALUES (19, 'Doctor', 7);
INSERT INTO public."SurveyCategories" ("Id", "Name", "SurveyId") VALUES (34, 'Doctor', 12);
INSERT INTO public."SurveyCategories" ("Id", "Name", "SurveyId") VALUES (33, 'Hospital', 11);
INSERT INTO public."SurveyCategories" ("Id", "Name", "SurveyId") VALUES (32, 'Medical stuff', 11);
INSERT INTO public."SurveyCategories" ("Id", "Name", "SurveyId") VALUES (31, 'Doctor', 11);
INSERT INTO public."SurveyCategories" ("Id", "Name", "SurveyId") VALUES (30, 'Hospital', 10);
INSERT INTO public."SurveyCategories" ("Id", "Name", "SurveyId") VALUES (29, 'Medical stuff', 10);
INSERT INTO public."SurveyCategories" ("Id", "Name", "SurveyId") VALUES (28, 'Doctor', 10);
INSERT INTO public."SurveyCategories" ("Id", "Name", "SurveyId") VALUES (27, 'Hospital', 9);
INSERT INTO public."SurveyCategories" ("Id", "Name", "SurveyId") VALUES (26, 'Medical stuff', 9);
INSERT INTO public."SurveyCategories" ("Id", "Name", "SurveyId") VALUES (25, 'Doctor', 9);
INSERT INTO public."SurveyCategories" ("Id", "Name", "SurveyId") VALUES (24, 'Hospital', 8);
INSERT INTO public."SurveyCategories" ("Id", "Name", "SurveyId") VALUES (23, 'Medical stuff', 8);
INSERT INTO public."SurveyCategories" ("Id", "Name", "SurveyId") VALUES (22, 'Doctor', 8);
INSERT INTO public."SurveyCategories" ("Id", "Name", "SurveyId") VALUES (21, 'Hospital', 7);
INSERT INTO public."SurveyCategories" ("Id", "Name", "SurveyId") VALUES (20, 'Medical stuff', 7);
INSERT INTO public."SurveyCategories" ("Id", "Name", "SurveyId") VALUES (71, 'Medical stuff', 24);
INSERT INTO public."SurveyCategories" ("Id", "Name", "SurveyId") VALUES (72, 'Hospital', 24);


--
-- TOC entry 3560 (class 0 OID 43844)
-- Dependencies: 261
-- Data for Name: SurveyQuestions; Type: TABLE DATA; Schema: public; Owner: postgres
--

INSERT INTO public."SurveyQuestions" ("Id", "Content", "Grade", "SurveyCategoryId") VALUES (1, 'How careful did doctor listen you?', 0, 1);
INSERT INTO public."SurveyQuestions" ("Id", "Content", "Grade", "SurveyCategoryId") VALUES (245, 'Your general grade for doctors'' service', 0, 49);
INSERT INTO public."SurveyQuestions" ("Id", "Content", "Grade", "SurveyCategoryId") VALUES (244, 'How would you rate doctors'' professionalism?', 0, 49);
INSERT INTO public."SurveyQuestions" ("Id", "Content", "Grade", "SurveyCategoryId") VALUES (243, 'Has he explained you your condition enough that you can understand it?', 0, 49);
INSERT INTO public."SurveyQuestions" ("Id", "Content", "Grade", "SurveyCategoryId") VALUES (242, 'Has doctor been polite?', 0, 49);
INSERT INTO public."SurveyQuestions" ("Id", "Content", "Grade", "SurveyCategoryId") VALUES (241, 'How careful did doctor listen you?', 0, 49);
INSERT INTO public."SurveyQuestions" ("Id", "Content", "Grade", "SurveyCategoryId") VALUES (240, 'Your general grade for whole hospital'' service', 0, 48);
INSERT INTO public."SurveyQuestions" ("Id", "Content", "Grade", "SurveyCategoryId") VALUES (239, 'How easy was to use our application?', 0, 48);
INSERT INTO public."SurveyQuestions" ("Id", "Content", "Grade", "SurveyCategoryId") VALUES (238, 'How good were procedure for booking appointment?', 0, 48);
INSERT INTO public."SurveyQuestions" ("Id", "Content", "Grade", "SurveyCategoryId") VALUES (246, 'How much our medical staff were polite?', 0, 50);
INSERT INTO public."SurveyQuestions" ("Id", "Content", "Grade", "SurveyCategoryId") VALUES (237, 'How would you rate hospitals'' hygiene?', 0, 48);
INSERT INTO public."SurveyQuestions" ("Id", "Content", "Grade", "SurveyCategoryId") VALUES (235, 'Your general grade for medical stuffs'' service', 0, 47);
INSERT INTO public."SurveyQuestions" ("Id", "Content", "Grade", "SurveyCategoryId") VALUES (234, 'How good has stuff explained you our procedures?', 0, 47);
INSERT INTO public."SurveyQuestions" ("Id", "Content", "Grade", "SurveyCategoryId") VALUES (233, 'How prepared were stuff for emergency situations?', 0, 47);
INSERT INTO public."SurveyQuestions" ("Id", "Content", "Grade", "SurveyCategoryId") VALUES (232, 'How would you rate time span that you spend waiting untill doctor attended you?', 0, 47);
INSERT INTO public."SurveyQuestions" ("Id", "Content", "Grade", "SurveyCategoryId") VALUES (231, 'How much our medical staff were polite?', 0, 47);
INSERT INTO public."SurveyQuestions" ("Id", "Content", "Grade", "SurveyCategoryId") VALUES (230, 'Your general grade for doctors'' service', 0, 46);
INSERT INTO public."SurveyQuestions" ("Id", "Content", "Grade", "SurveyCategoryId") VALUES (229, 'How would you rate doctors'' professionalism?', 0, 46);
INSERT INTO public."SurveyQuestions" ("Id", "Content", "Grade", "SurveyCategoryId") VALUES (228, 'Has he explained you your condition enough that you can understand it?', 0, 46);
INSERT INTO public."SurveyQuestions" ("Id", "Content", "Grade", "SurveyCategoryId") VALUES (236, 'How would you rate our appointment organisation?', 0, 48);
INSERT INTO public."SurveyQuestions" ("Id", "Content", "Grade", "SurveyCategoryId") VALUES (247, 'How would you rate time span that you spend waiting untill doctor attended you?', 0, 50);
INSERT INTO public."SurveyQuestions" ("Id", "Content", "Grade", "SurveyCategoryId") VALUES (248, 'How prepared were stuff for emergency situations?', 0, 50);
INSERT INTO public."SurveyQuestions" ("Id", "Content", "Grade", "SurveyCategoryId") VALUES (249, 'How good has stuff explained you our procedures?', 0, 50);
INSERT INTO public."SurveyQuestions" ("Id", "Content", "Grade", "SurveyCategoryId") VALUES (268, 'How good were procedure for booking appointment?', 0, 54);
INSERT INTO public."SurveyQuestions" ("Id", "Content", "Grade", "SurveyCategoryId") VALUES (267, 'How would you rate hospitals'' hygiene?', 0, 54);
INSERT INTO public."SurveyQuestions" ("Id", "Content", "Grade", "SurveyCategoryId") VALUES (266, 'How would you rate our appointment organisation?', 0, 54);
INSERT INTO public."SurveyQuestions" ("Id", "Content", "Grade", "SurveyCategoryId") VALUES (265, 'Your general grade for medical stuffs'' service', 0, 53);
INSERT INTO public."SurveyQuestions" ("Id", "Content", "Grade", "SurveyCategoryId") VALUES (264, 'How good has stuff explained you our procedures?', 0, 53);
INSERT INTO public."SurveyQuestions" ("Id", "Content", "Grade", "SurveyCategoryId") VALUES (263, 'How prepared were stuff for emergency situations?', 0, 53);
INSERT INTO public."SurveyQuestions" ("Id", "Content", "Grade", "SurveyCategoryId") VALUES (262, 'How would you rate time span that you spend waiting untill doctor attended you?', 0, 53);
INSERT INTO public."SurveyQuestions" ("Id", "Content", "Grade", "SurveyCategoryId") VALUES (261, 'How much our medical staff were polite?', 0, 53);
INSERT INTO public."SurveyQuestions" ("Id", "Content", "Grade", "SurveyCategoryId") VALUES (260, 'Your general grade for doctors'' service', 0, 52);
INSERT INTO public."SurveyQuestions" ("Id", "Content", "Grade", "SurveyCategoryId") VALUES (259, 'How would you rate doctors'' professionalism?', 0, 52);
INSERT INTO public."SurveyQuestions" ("Id", "Content", "Grade", "SurveyCategoryId") VALUES (258, 'Has he explained you your condition enough that you can understand it?', 0, 52);
INSERT INTO public."SurveyQuestions" ("Id", "Content", "Grade", "SurveyCategoryId") VALUES (257, 'Has doctor been polite?', 0, 52);
INSERT INTO public."SurveyQuestions" ("Id", "Content", "Grade", "SurveyCategoryId") VALUES (256, 'How careful did doctor listen you?', 0, 52);
INSERT INTO public."SurveyQuestions" ("Id", "Content", "Grade", "SurveyCategoryId") VALUES (255, 'Your general grade for whole hospital'' service', 0, 51);
INSERT INTO public."SurveyQuestions" ("Id", "Content", "Grade", "SurveyCategoryId") VALUES (254, 'How easy was to use our application?', 0, 51);
INSERT INTO public."SurveyQuestions" ("Id", "Content", "Grade", "SurveyCategoryId") VALUES (253, 'How good were procedure for booking appointment?', 0, 51);
INSERT INTO public."SurveyQuestions" ("Id", "Content", "Grade", "SurveyCategoryId") VALUES (252, 'How would you rate hospitals'' hygiene?', 0, 51);
INSERT INTO public."SurveyQuestions" ("Id", "Content", "Grade", "SurveyCategoryId") VALUES (251, 'How would you rate our appointment organisation?', 0, 51);
INSERT INTO public."SurveyQuestions" ("Id", "Content", "Grade", "SurveyCategoryId") VALUES (250, 'Your general grade for medical stuffs'' service', 0, 50);
INSERT INTO public."SurveyQuestions" ("Id", "Content", "Grade", "SurveyCategoryId") VALUES (227, 'Has doctor been polite?', 0, 46);
INSERT INTO public."SurveyQuestions" ("Id", "Content", "Grade", "SurveyCategoryId") VALUES (269, 'How easy was to use our application?', 0, 54);
INSERT INTO public."SurveyQuestions" ("Id", "Content", "Grade", "SurveyCategoryId") VALUES (226, 'How careful did doctor listen you?', 0, 46);
INSERT INTO public."SurveyQuestions" ("Id", "Content", "Grade", "SurveyCategoryId") VALUES (224, 'How easy was to use our application?', 0, 45);
INSERT INTO public."SurveyQuestions" ("Id", "Content", "Grade", "SurveyCategoryId") VALUES (200, 'Your general grade for doctors'' service', 0, 40);
INSERT INTO public."SurveyQuestions" ("Id", "Content", "Grade", "SurveyCategoryId") VALUES (199, 'How would you rate doctors'' professionalism?', 0, 40);
INSERT INTO public."SurveyQuestions" ("Id", "Content", "Grade", "SurveyCategoryId") VALUES (198, 'Has he explained you your condition enough that you can understand it?', 0, 40);
INSERT INTO public."SurveyQuestions" ("Id", "Content", "Grade", "SurveyCategoryId") VALUES (197, 'Has doctor been polite?', 0, 40);
INSERT INTO public."SurveyQuestions" ("Id", "Content", "Grade", "SurveyCategoryId") VALUES (196, 'How careful did doctor listen you?', 0, 40);
INSERT INTO public."SurveyQuestions" ("Id", "Content", "Grade", "SurveyCategoryId") VALUES (195, 'Your general grade for whole hospital'' service', 0, 39);
INSERT INTO public."SurveyQuestions" ("Id", "Content", "Grade", "SurveyCategoryId") VALUES (194, 'How easy was to use our application?', 0, 39);
INSERT INTO public."SurveyQuestions" ("Id", "Content", "Grade", "SurveyCategoryId") VALUES (193, 'How good were procedure for booking appointment?', 0, 39);
INSERT INTO public."SurveyQuestions" ("Id", "Content", "Grade", "SurveyCategoryId") VALUES (201, 'How much our medical staff were polite?', 0, 41);
INSERT INTO public."SurveyQuestions" ("Id", "Content", "Grade", "SurveyCategoryId") VALUES (192, 'How would you rate hospitals'' hygiene?', 0, 39);
INSERT INTO public."SurveyQuestions" ("Id", "Content", "Grade", "SurveyCategoryId") VALUES (190, 'Your general grade for medical stuffs'' service', 0, 38);
INSERT INTO public."SurveyQuestions" ("Id", "Content", "Grade", "SurveyCategoryId") VALUES (189, 'How good has stuff explained you our procedures?', 0, 38);
INSERT INTO public."SurveyQuestions" ("Id", "Content", "Grade", "SurveyCategoryId") VALUES (188, 'How prepared were stuff for emergency situations?', 0, 38);
INSERT INTO public."SurveyQuestions" ("Id", "Content", "Grade", "SurveyCategoryId") VALUES (187, 'How would you rate time span that you spend waiting untill doctor attended you?', 0, 38);
INSERT INTO public."SurveyQuestions" ("Id", "Content", "Grade", "SurveyCategoryId") VALUES (186, 'How much our medical staff were polite?', 0, 38);
INSERT INTO public."SurveyQuestions" ("Id", "Content", "Grade", "SurveyCategoryId") VALUES (185, 'Your general grade for doctors'' service', 0, 37);
INSERT INTO public."SurveyQuestions" ("Id", "Content", "Grade", "SurveyCategoryId") VALUES (184, 'How would you rate doctors'' professionalism?', 0, 37);
INSERT INTO public."SurveyQuestions" ("Id", "Content", "Grade", "SurveyCategoryId") VALUES (183, 'Has he explained you your condition enough that you can understand it?', 0, 37);
INSERT INTO public."SurveyQuestions" ("Id", "Content", "Grade", "SurveyCategoryId") VALUES (191, 'How would you rate our appointment organisation?', 0, 39);
INSERT INTO public."SurveyQuestions" ("Id", "Content", "Grade", "SurveyCategoryId") VALUES (202, 'How would you rate time span that you spend waiting untill doctor attended you?', 0, 41);
INSERT INTO public."SurveyQuestions" ("Id", "Content", "Grade", "SurveyCategoryId") VALUES (203, 'How prepared were stuff for emergency situations?', 0, 41);
INSERT INTO public."SurveyQuestions" ("Id", "Content", "Grade", "SurveyCategoryId") VALUES (204, 'How good has stuff explained you our procedures?', 0, 41);
INSERT INTO public."SurveyQuestions" ("Id", "Content", "Grade", "SurveyCategoryId") VALUES (223, 'How good were procedure for booking appointment?', 0, 45);
INSERT INTO public."SurveyQuestions" ("Id", "Content", "Grade", "SurveyCategoryId") VALUES (222, 'How would you rate hospitals'' hygiene?', 0, 45);
INSERT INTO public."SurveyQuestions" ("Id", "Content", "Grade", "SurveyCategoryId") VALUES (221, 'How would you rate our appointment organisation?', 0, 45);
INSERT INTO public."SurveyQuestions" ("Id", "Content", "Grade", "SurveyCategoryId") VALUES (220, 'Your general grade for medical stuffs'' service', 0, 44);
INSERT INTO public."SurveyQuestions" ("Id", "Content", "Grade", "SurveyCategoryId") VALUES (219, 'How good has stuff explained you our procedures?', 0, 44);
INSERT INTO public."SurveyQuestions" ("Id", "Content", "Grade", "SurveyCategoryId") VALUES (218, 'How prepared were stuff for emergency situations?', 0, 44);
INSERT INTO public."SurveyQuestions" ("Id", "Content", "Grade", "SurveyCategoryId") VALUES (217, 'How would you rate time span that you spend waiting untill doctor attended you?', 0, 44);
INSERT INTO public."SurveyQuestions" ("Id", "Content", "Grade", "SurveyCategoryId") VALUES (216, 'How much our medical staff were polite?', 0, 44);
INSERT INTO public."SurveyQuestions" ("Id", "Content", "Grade", "SurveyCategoryId") VALUES (215, 'Your general grade for doctors'' service', 0, 43);
INSERT INTO public."SurveyQuestions" ("Id", "Content", "Grade", "SurveyCategoryId") VALUES (214, 'How would you rate doctors'' professionalism?', 0, 43);
INSERT INTO public."SurveyQuestions" ("Id", "Content", "Grade", "SurveyCategoryId") VALUES (213, 'Has he explained you your condition enough that you can understand it?', 0, 43);
INSERT INTO public."SurveyQuestions" ("Id", "Content", "Grade", "SurveyCategoryId") VALUES (212, 'Has doctor been polite?', 0, 43);
INSERT INTO public."SurveyQuestions" ("Id", "Content", "Grade", "SurveyCategoryId") VALUES (211, 'How careful did doctor listen you?', 0, 43);
INSERT INTO public."SurveyQuestions" ("Id", "Content", "Grade", "SurveyCategoryId") VALUES (210, 'Your general grade for whole hospital'' service', 0, 42);
INSERT INTO public."SurveyQuestions" ("Id", "Content", "Grade", "SurveyCategoryId") VALUES (209, 'How easy was to use our application?', 0, 42);
INSERT INTO public."SurveyQuestions" ("Id", "Content", "Grade", "SurveyCategoryId") VALUES (208, 'How good were procedure for booking appointment?', 0, 42);
INSERT INTO public."SurveyQuestions" ("Id", "Content", "Grade", "SurveyCategoryId") VALUES (207, 'How would you rate hospitals'' hygiene?', 0, 42);
INSERT INTO public."SurveyQuestions" ("Id", "Content", "Grade", "SurveyCategoryId") VALUES (206, 'How would you rate our appointment organisation?', 0, 42);
INSERT INTO public."SurveyQuestions" ("Id", "Content", "Grade", "SurveyCategoryId") VALUES (205, 'Your general grade for medical stuffs'' service', 0, 41);
INSERT INTO public."SurveyQuestions" ("Id", "Content", "Grade", "SurveyCategoryId") VALUES (225, 'Your general grade for whole hospital'' service', 0, 45);
INSERT INTO public."SurveyQuestions" ("Id", "Content", "Grade", "SurveyCategoryId") VALUES (182, 'Has doctor been polite?', 0, 37);
INSERT INTO public."SurveyQuestions" ("Id", "Content", "Grade", "SurveyCategoryId") VALUES (270, 'Your general grade for whole hospital'' service', 0, 54);
INSERT INTO public."SurveyQuestions" ("Id", "Content", "Grade", "SurveyCategoryId") VALUES (272, 'Has doctor been polite?', 0, 55);
INSERT INTO public."SurveyQuestions" ("Id", "Content", "Grade", "SurveyCategoryId") VALUES (335, 'Your general grade for doctors'' service', 0, 67);
INSERT INTO public."SurveyQuestions" ("Id", "Content", "Grade", "SurveyCategoryId") VALUES (334, 'How would you rate doctors'' professionalism?', 0, 67);
INSERT INTO public."SurveyQuestions" ("Id", "Content", "Grade", "SurveyCategoryId") VALUES (333, 'Has he explained you your condition enough that you can understand it?', 0, 67);
INSERT INTO public."SurveyQuestions" ("Id", "Content", "Grade", "SurveyCategoryId") VALUES (332, 'Has doctor been polite?', 0, 67);
INSERT INTO public."SurveyQuestions" ("Id", "Content", "Grade", "SurveyCategoryId") VALUES (331, 'How careful did doctor listen you?', 0, 67);
INSERT INTO public."SurveyQuestions" ("Id", "Content", "Grade", "SurveyCategoryId") VALUES (330, 'Your general grade for whole hospital'' service', 0, 66);
INSERT INTO public."SurveyQuestions" ("Id", "Content", "Grade", "SurveyCategoryId") VALUES (329, 'How easy was to use our application?', 0, 66);
INSERT INTO public."SurveyQuestions" ("Id", "Content", "Grade", "SurveyCategoryId") VALUES (328, 'How good were procedure for booking appointment?', 0, 66);
INSERT INTO public."SurveyQuestions" ("Id", "Content", "Grade", "SurveyCategoryId") VALUES (336, 'How much our medical staff were polite?', 0, 68);
INSERT INTO public."SurveyQuestions" ("Id", "Content", "Grade", "SurveyCategoryId") VALUES (327, 'How would you rate hospitals'' hygiene?', 0, 66);
INSERT INTO public."SurveyQuestions" ("Id", "Content", "Grade", "SurveyCategoryId") VALUES (325, 'Your general grade for medical stuffs'' service', 0, 65);
INSERT INTO public."SurveyQuestions" ("Id", "Content", "Grade", "SurveyCategoryId") VALUES (324, 'How good has stuff explained you our procedures?', 0, 65);
INSERT INTO public."SurveyQuestions" ("Id", "Content", "Grade", "SurveyCategoryId") VALUES (323, 'How prepared were stuff for emergency situations?', 0, 65);
INSERT INTO public."SurveyQuestions" ("Id", "Content", "Grade", "SurveyCategoryId") VALUES (322, 'How would you rate time span that you spend waiting untill doctor attended you?', 0, 65);
INSERT INTO public."SurveyQuestions" ("Id", "Content", "Grade", "SurveyCategoryId") VALUES (321, 'How much our medical staff were polite?', 0, 65);
INSERT INTO public."SurveyQuestions" ("Id", "Content", "Grade", "SurveyCategoryId") VALUES (320, 'Your general grade for doctors'' service', 0, 64);
INSERT INTO public."SurveyQuestions" ("Id", "Content", "Grade", "SurveyCategoryId") VALUES (319, 'How would you rate doctors'' professionalism?', 0, 64);
INSERT INTO public."SurveyQuestions" ("Id", "Content", "Grade", "SurveyCategoryId") VALUES (318, 'Has he explained you your condition enough that you can understand it?', 0, 64);
INSERT INTO public."SurveyQuestions" ("Id", "Content", "Grade", "SurveyCategoryId") VALUES (326, 'How would you rate our appointment organisation?', 0, 66);
INSERT INTO public."SurveyQuestions" ("Id", "Content", "Grade", "SurveyCategoryId") VALUES (337, 'How would you rate time span that you spend waiting untill doctor attended you?', 0, 68);
INSERT INTO public."SurveyQuestions" ("Id", "Content", "Grade", "SurveyCategoryId") VALUES (338, 'How prepared were stuff for emergency situations?', 0, 68);
INSERT INTO public."SurveyQuestions" ("Id", "Content", "Grade", "SurveyCategoryId") VALUES (339, 'How good has stuff explained you our procedures?', 0, 68);
INSERT INTO public."SurveyQuestions" ("Id", "Content", "Grade", "SurveyCategoryId") VALUES (358, 'How good were procedure for booking appointment?', 0, 72);
INSERT INTO public."SurveyQuestions" ("Id", "Content", "Grade", "SurveyCategoryId") VALUES (357, 'How would you rate hospitals'' hygiene?', 0, 72);
INSERT INTO public."SurveyQuestions" ("Id", "Content", "Grade", "SurveyCategoryId") VALUES (356, 'How would you rate our appointment organisation?', 0, 72);
INSERT INTO public."SurveyQuestions" ("Id", "Content", "Grade", "SurveyCategoryId") VALUES (355, 'Your general grade for medical stuffs'' service', 0, 71);
INSERT INTO public."SurveyQuestions" ("Id", "Content", "Grade", "SurveyCategoryId") VALUES (354, 'How good has stuff explained you our procedures?', 0, 71);
INSERT INTO public."SurveyQuestions" ("Id", "Content", "Grade", "SurveyCategoryId") VALUES (353, 'How prepared were stuff for emergency situations?', 0, 71);
INSERT INTO public."SurveyQuestions" ("Id", "Content", "Grade", "SurveyCategoryId") VALUES (352, 'How would you rate time span that you spend waiting untill doctor attended you?', 0, 71);
INSERT INTO public."SurveyQuestions" ("Id", "Content", "Grade", "SurveyCategoryId") VALUES (351, 'How much our medical staff were polite?', 0, 71);
INSERT INTO public."SurveyQuestions" ("Id", "Content", "Grade", "SurveyCategoryId") VALUES (350, 'Your general grade for doctors'' service', 0, 70);
INSERT INTO public."SurveyQuestions" ("Id", "Content", "Grade", "SurveyCategoryId") VALUES (349, 'How would you rate doctors'' professionalism?', 0, 70);
INSERT INTO public."SurveyQuestions" ("Id", "Content", "Grade", "SurveyCategoryId") VALUES (348, 'Has he explained you your condition enough that you can understand it?', 0, 70);
INSERT INTO public."SurveyQuestions" ("Id", "Content", "Grade", "SurveyCategoryId") VALUES (347, 'Has doctor been polite?', 0, 70);
INSERT INTO public."SurveyQuestions" ("Id", "Content", "Grade", "SurveyCategoryId") VALUES (346, 'How careful did doctor listen you?', 0, 70);
INSERT INTO public."SurveyQuestions" ("Id", "Content", "Grade", "SurveyCategoryId") VALUES (345, 'Your general grade for whole hospital'' service', 0, 69);
INSERT INTO public."SurveyQuestions" ("Id", "Content", "Grade", "SurveyCategoryId") VALUES (344, 'How easy was to use our application?', 0, 69);
INSERT INTO public."SurveyQuestions" ("Id", "Content", "Grade", "SurveyCategoryId") VALUES (343, 'How good were procedure for booking appointment?', 0, 69);
INSERT INTO public."SurveyQuestions" ("Id", "Content", "Grade", "SurveyCategoryId") VALUES (342, 'How would you rate hospitals'' hygiene?', 0, 69);
INSERT INTO public."SurveyQuestions" ("Id", "Content", "Grade", "SurveyCategoryId") VALUES (341, 'How would you rate our appointment organisation?', 0, 69);
INSERT INTO public."SurveyQuestions" ("Id", "Content", "Grade", "SurveyCategoryId") VALUES (340, 'Your general grade for medical stuffs'' service', 0, 68);
INSERT INTO public."SurveyQuestions" ("Id", "Content", "Grade", "SurveyCategoryId") VALUES (317, 'Has doctor been polite?', 0, 64);
INSERT INTO public."SurveyQuestions" ("Id", "Content", "Grade", "SurveyCategoryId") VALUES (271, 'How careful did doctor listen you?', 0, 55);
INSERT INTO public."SurveyQuestions" ("Id", "Content", "Grade", "SurveyCategoryId") VALUES (316, 'How careful did doctor listen you?', 0, 64);
INSERT INTO public."SurveyQuestions" ("Id", "Content", "Grade", "SurveyCategoryId") VALUES (314, 'How easy was to use our application?', 0, 63);
INSERT INTO public."SurveyQuestions" ("Id", "Content", "Grade", "SurveyCategoryId") VALUES (290, 'Your general grade for doctors'' service', 0, 58);
INSERT INTO public."SurveyQuestions" ("Id", "Content", "Grade", "SurveyCategoryId") VALUES (289, 'How would you rate doctors'' professionalism?', 0, 58);
INSERT INTO public."SurveyQuestions" ("Id", "Content", "Grade", "SurveyCategoryId") VALUES (288, 'Has he explained you your condition enough that you can understand it?', 0, 58);
INSERT INTO public."SurveyQuestions" ("Id", "Content", "Grade", "SurveyCategoryId") VALUES (287, 'Has doctor been polite?', 0, 58);
INSERT INTO public."SurveyQuestions" ("Id", "Content", "Grade", "SurveyCategoryId") VALUES (286, 'How careful did doctor listen you?', 0, 58);
INSERT INTO public."SurveyQuestions" ("Id", "Content", "Grade", "SurveyCategoryId") VALUES (285, 'Your general grade for whole hospital'' service', 0, 57);
INSERT INTO public."SurveyQuestions" ("Id", "Content", "Grade", "SurveyCategoryId") VALUES (284, 'How easy was to use our application?', 0, 57);
INSERT INTO public."SurveyQuestions" ("Id", "Content", "Grade", "SurveyCategoryId") VALUES (283, 'How good were procedure for booking appointment?', 0, 57);
INSERT INTO public."SurveyQuestions" ("Id", "Content", "Grade", "SurveyCategoryId") VALUES (291, 'How much our medical staff were polite?', 0, 59);
INSERT INTO public."SurveyQuestions" ("Id", "Content", "Grade", "SurveyCategoryId") VALUES (282, 'How would you rate hospitals'' hygiene?', 0, 57);
INSERT INTO public."SurveyQuestions" ("Id", "Content", "Grade", "SurveyCategoryId") VALUES (280, 'Your general grade for medical stuffs'' service', 0, 56);
INSERT INTO public."SurveyQuestions" ("Id", "Content", "Grade", "SurveyCategoryId") VALUES (279, 'How good has stuff explained you our procedures?', 0, 56);
INSERT INTO public."SurveyQuestions" ("Id", "Content", "Grade", "SurveyCategoryId") VALUES (278, 'How prepared were stuff for emergency situations?', 0, 56);
INSERT INTO public."SurveyQuestions" ("Id", "Content", "Grade", "SurveyCategoryId") VALUES (277, 'How would you rate time span that you spend waiting untill doctor attended you?', 0, 56);
INSERT INTO public."SurveyQuestions" ("Id", "Content", "Grade", "SurveyCategoryId") VALUES (276, 'How much our medical staff were polite?', 0, 56);
INSERT INTO public."SurveyQuestions" ("Id", "Content", "Grade", "SurveyCategoryId") VALUES (275, 'Your general grade for doctors'' service', 0, 55);
INSERT INTO public."SurveyQuestions" ("Id", "Content", "Grade", "SurveyCategoryId") VALUES (274, 'How would you rate doctors'' professionalism?', 0, 55);
INSERT INTO public."SurveyQuestions" ("Id", "Content", "Grade", "SurveyCategoryId") VALUES (273, 'Has he explained you your condition enough that you can understand it?', 0, 55);
INSERT INTO public."SurveyQuestions" ("Id", "Content", "Grade", "SurveyCategoryId") VALUES (281, 'How would you rate our appointment organisation?', 0, 57);
INSERT INTO public."SurveyQuestions" ("Id", "Content", "Grade", "SurveyCategoryId") VALUES (292, 'How would you rate time span that you spend waiting untill doctor attended you?', 0, 59);
INSERT INTO public."SurveyQuestions" ("Id", "Content", "Grade", "SurveyCategoryId") VALUES (293, 'How prepared were stuff for emergency situations?', 0, 59);
INSERT INTO public."SurveyQuestions" ("Id", "Content", "Grade", "SurveyCategoryId") VALUES (294, 'How good has stuff explained you our procedures?', 0, 59);
INSERT INTO public."SurveyQuestions" ("Id", "Content", "Grade", "SurveyCategoryId") VALUES (313, 'How good were procedure for booking appointment?', 0, 63);
INSERT INTO public."SurveyQuestions" ("Id", "Content", "Grade", "SurveyCategoryId") VALUES (312, 'How would you rate hospitals'' hygiene?', 0, 63);
INSERT INTO public."SurveyQuestions" ("Id", "Content", "Grade", "SurveyCategoryId") VALUES (311, 'How would you rate our appointment organisation?', 0, 63);
INSERT INTO public."SurveyQuestions" ("Id", "Content", "Grade", "SurveyCategoryId") VALUES (310, 'Your general grade for medical stuffs'' service', 0, 62);
INSERT INTO public."SurveyQuestions" ("Id", "Content", "Grade", "SurveyCategoryId") VALUES (309, 'How good has stuff explained you our procedures?', 0, 62);
INSERT INTO public."SurveyQuestions" ("Id", "Content", "Grade", "SurveyCategoryId") VALUES (308, 'How prepared were stuff for emergency situations?', 0, 62);
INSERT INTO public."SurveyQuestions" ("Id", "Content", "Grade", "SurveyCategoryId") VALUES (307, 'How would you rate time span that you spend waiting untill doctor attended you?', 0, 62);
INSERT INTO public."SurveyQuestions" ("Id", "Content", "Grade", "SurveyCategoryId") VALUES (306, 'How much our medical staff were polite?', 0, 62);
INSERT INTO public."SurveyQuestions" ("Id", "Content", "Grade", "SurveyCategoryId") VALUES (305, 'Your general grade for doctors'' service', 0, 61);
INSERT INTO public."SurveyQuestions" ("Id", "Content", "Grade", "SurveyCategoryId") VALUES (304, 'How would you rate doctors'' professionalism?', 0, 61);
INSERT INTO public."SurveyQuestions" ("Id", "Content", "Grade", "SurveyCategoryId") VALUES (303, 'Has he explained you your condition enough that you can understand it?', 0, 61);
INSERT INTO public."SurveyQuestions" ("Id", "Content", "Grade", "SurveyCategoryId") VALUES (302, 'Has doctor been polite?', 0, 61);
INSERT INTO public."SurveyQuestions" ("Id", "Content", "Grade", "SurveyCategoryId") VALUES (301, 'How careful did doctor listen you?', 0, 61);
INSERT INTO public."SurveyQuestions" ("Id", "Content", "Grade", "SurveyCategoryId") VALUES (300, 'Your general grade for whole hospital'' service', 0, 60);
INSERT INTO public."SurveyQuestions" ("Id", "Content", "Grade", "SurveyCategoryId") VALUES (299, 'How easy was to use our application?', 0, 60);
INSERT INTO public."SurveyQuestions" ("Id", "Content", "Grade", "SurveyCategoryId") VALUES (298, 'How good were procedure for booking appointment?', 0, 60);
INSERT INTO public."SurveyQuestions" ("Id", "Content", "Grade", "SurveyCategoryId") VALUES (297, 'How would you rate hospitals'' hygiene?', 0, 60);
INSERT INTO public."SurveyQuestions" ("Id", "Content", "Grade", "SurveyCategoryId") VALUES (296, 'How would you rate our appointment organisation?', 0, 60);
INSERT INTO public."SurveyQuestions" ("Id", "Content", "Grade", "SurveyCategoryId") VALUES (295, 'Your general grade for medical stuffs'' service', 0, 59);
INSERT INTO public."SurveyQuestions" ("Id", "Content", "Grade", "SurveyCategoryId") VALUES (315, 'Your general grade for whole hospital'' service', 0, 63);
INSERT INTO public."SurveyQuestions" ("Id", "Content", "Grade", "SurveyCategoryId") VALUES (181, 'How careful did doctor listen you?', 0, 37);
INSERT INTO public."SurveyQuestions" ("Id", "Content", "Grade", "SurveyCategoryId") VALUES (180, 'Your general grade for whole hospital'' service', 0, 36);
INSERT INTO public."SurveyQuestions" ("Id", "Content", "Grade", "SurveyCategoryId") VALUES (179, 'How easy was to use our application?', 0, 36);
INSERT INTO public."SurveyQuestions" ("Id", "Content", "Grade", "SurveyCategoryId") VALUES (64, 'How would you rate doctors'' professionalism?', 0, 13);
INSERT INTO public."SurveyQuestions" ("Id", "Content", "Grade", "SurveyCategoryId") VALUES (63, 'Has he explained you your condition enough that you can understand it?', 0, 13);
INSERT INTO public."SurveyQuestions" ("Id", "Content", "Grade", "SurveyCategoryId") VALUES (62, 'Has doctor been polite?', 0, 13);
INSERT INTO public."SurveyQuestions" ("Id", "Content", "Grade", "SurveyCategoryId") VALUES (61, 'How careful did doctor listen you?', 0, 13);
INSERT INTO public."SurveyQuestions" ("Id", "Content", "Grade", "SurveyCategoryId") VALUES (60, 'Your general grade for whole hospital'' service', 0, 12);
INSERT INTO public."SurveyQuestions" ("Id", "Content", "Grade", "SurveyCategoryId") VALUES (59, 'How easy was to use our application?', 0, 12);
INSERT INTO public."SurveyQuestions" ("Id", "Content", "Grade", "SurveyCategoryId") VALUES (58, 'How good were procedure for booking appointment?', 0, 12);
INSERT INTO public."SurveyQuestions" ("Id", "Content", "Grade", "SurveyCategoryId") VALUES (57, 'How would you rate hospitals'' hygiene?', 0, 12);
INSERT INTO public."SurveyQuestions" ("Id", "Content", "Grade", "SurveyCategoryId") VALUES (65, 'Your general grade for doctors'' service', 0, 13);
INSERT INTO public."SurveyQuestions" ("Id", "Content", "Grade", "SurveyCategoryId") VALUES (56, 'How would you rate our appointment organisation?', 0, 12);
INSERT INTO public."SurveyQuestions" ("Id", "Content", "Grade", "SurveyCategoryId") VALUES (54, 'How good has stuff explained you our procedures?', 0, 11);
INSERT INTO public."SurveyQuestions" ("Id", "Content", "Grade", "SurveyCategoryId") VALUES (53, 'How prepared were stuff for emergency situations?', 0, 11);
INSERT INTO public."SurveyQuestions" ("Id", "Content", "Grade", "SurveyCategoryId") VALUES (52, 'How would you rate time span that you spend waiting untill doctor attended you?', 0, 11);
INSERT INTO public."SurveyQuestions" ("Id", "Content", "Grade", "SurveyCategoryId") VALUES (51, 'How much our medical staff were polite?', 0, 11);
INSERT INTO public."SurveyQuestions" ("Id", "Content", "Grade", "SurveyCategoryId") VALUES (50, 'Your general grade for doctors'' service', 0, 10);
INSERT INTO public."SurveyQuestions" ("Id", "Content", "Grade", "SurveyCategoryId") VALUES (49, 'How would you rate doctors'' professionalism?', 0, 10);
INSERT INTO public."SurveyQuestions" ("Id", "Content", "Grade", "SurveyCategoryId") VALUES (48, 'Has he explained you your condition enough that you can understand it?', 0, 10);
INSERT INTO public."SurveyQuestions" ("Id", "Content", "Grade", "SurveyCategoryId") VALUES (47, 'Has doctor been polite?', 0, 10);
INSERT INTO public."SurveyQuestions" ("Id", "Content", "Grade", "SurveyCategoryId") VALUES (55, 'Your general grade for medical stuffs'' service', 0, 11);
INSERT INTO public."SurveyQuestions" ("Id", "Content", "Grade", "SurveyCategoryId") VALUES (66, 'How much our medical staff were polite?', 0, 14);
INSERT INTO public."SurveyQuestions" ("Id", "Content", "Grade", "SurveyCategoryId") VALUES (67, 'How would you rate time span that you spend waiting untill doctor attended you?', 0, 14);
INSERT INTO public."SurveyQuestions" ("Id", "Content", "Grade", "SurveyCategoryId") VALUES (68, 'How prepared were stuff for emergency situations?', 0, 14);
INSERT INTO public."SurveyQuestions" ("Id", "Content", "Grade", "SurveyCategoryId") VALUES (87, 'How would you rate hospitals'' hygiene?', 0, 18);
INSERT INTO public."SurveyQuestions" ("Id", "Content", "Grade", "SurveyCategoryId") VALUES (86, 'How would you rate our appointment organisation?', 0, 18);
INSERT INTO public."SurveyQuestions" ("Id", "Content", "Grade", "SurveyCategoryId") VALUES (85, 'Your general grade for medical stuffs'' service', 0, 17);
INSERT INTO public."SurveyQuestions" ("Id", "Content", "Grade", "SurveyCategoryId") VALUES (84, 'How good has stuff explained you our procedures?', 0, 17);
INSERT INTO public."SurveyQuestions" ("Id", "Content", "Grade", "SurveyCategoryId") VALUES (83, 'How prepared were stuff for emergency situations?', 0, 17);
INSERT INTO public."SurveyQuestions" ("Id", "Content", "Grade", "SurveyCategoryId") VALUES (82, 'How would you rate time span that you spend waiting untill doctor attended you?', 0, 17);
INSERT INTO public."SurveyQuestions" ("Id", "Content", "Grade", "SurveyCategoryId") VALUES (81, 'How much our medical staff were polite?', 0, 17);
INSERT INTO public."SurveyQuestions" ("Id", "Content", "Grade", "SurveyCategoryId") VALUES (80, 'Your general grade for doctors'' service', 0, 16);
INSERT INTO public."SurveyQuestions" ("Id", "Content", "Grade", "SurveyCategoryId") VALUES (79, 'How would you rate doctors'' professionalism?', 0, 16);
INSERT INTO public."SurveyQuestions" ("Id", "Content", "Grade", "SurveyCategoryId") VALUES (78, 'Has he explained you your condition enough that you can understand it?', 0, 16);
INSERT INTO public."SurveyQuestions" ("Id", "Content", "Grade", "SurveyCategoryId") VALUES (77, 'Has doctor been polite?', 0, 16);
INSERT INTO public."SurveyQuestions" ("Id", "Content", "Grade", "SurveyCategoryId") VALUES (76, 'How careful did doctor listen you?', 0, 16);
INSERT INTO public."SurveyQuestions" ("Id", "Content", "Grade", "SurveyCategoryId") VALUES (75, 'Your general grade for whole hospital'' service', 0, 15);
INSERT INTO public."SurveyQuestions" ("Id", "Content", "Grade", "SurveyCategoryId") VALUES (74, 'How easy was to use our application?', 0, 15);
INSERT INTO public."SurveyQuestions" ("Id", "Content", "Grade", "SurveyCategoryId") VALUES (73, 'How good were procedure for booking appointment?', 0, 15);
INSERT INTO public."SurveyQuestions" ("Id", "Content", "Grade", "SurveyCategoryId") VALUES (72, 'How would you rate hospitals'' hygiene?', 0, 15);
INSERT INTO public."SurveyQuestions" ("Id", "Content", "Grade", "SurveyCategoryId") VALUES (71, 'How would you rate our appointment organisation?', 0, 15);
INSERT INTO public."SurveyQuestions" ("Id", "Content", "Grade", "SurveyCategoryId") VALUES (70, 'Your general grade for medical stuffs'' service', 0, 14);
INSERT INTO public."SurveyQuestions" ("Id", "Content", "Grade", "SurveyCategoryId") VALUES (69, 'How good has stuff explained you our procedures?', 0, 14);
INSERT INTO public."SurveyQuestions" ("Id", "Content", "Grade", "SurveyCategoryId") VALUES (46, 'How careful did doctor listen you?', 0, 10);
INSERT INTO public."SurveyQuestions" ("Id", "Content", "Grade", "SurveyCategoryId") VALUES (88, 'How good were procedure for booking appointment?', 0, 18);
INSERT INTO public."SurveyQuestions" ("Id", "Content", "Grade", "SurveyCategoryId") VALUES (45, 'Your general grade for whole hospital'' service', 0, 9);
INSERT INTO public."SurveyQuestions" ("Id", "Content", "Grade", "SurveyCategoryId") VALUES (43, 'How good were procedure for booking appointment?', 0, 9);
INSERT INTO public."SurveyQuestions" ("Id", "Content", "Grade", "SurveyCategoryId") VALUES (19, 'How would you rate doctors'' professionalism?', 0, 4);
INSERT INTO public."SurveyQuestions" ("Id", "Content", "Grade", "SurveyCategoryId") VALUES (18, 'Has he explained you your condition enough that you can understand it?', 0, 4);
INSERT INTO public."SurveyQuestions" ("Id", "Content", "Grade", "SurveyCategoryId") VALUES (17, 'Has doctor been polite?', 0, 4);
INSERT INTO public."SurveyQuestions" ("Id", "Content", "Grade", "SurveyCategoryId") VALUES (16, 'How careful did doctor listen you?', 0, 4);
INSERT INTO public."SurveyQuestions" ("Id", "Content", "Grade", "SurveyCategoryId") VALUES (15, 'Your general grade for whole hospital'' service', 0, 3);
INSERT INTO public."SurveyQuestions" ("Id", "Content", "Grade", "SurveyCategoryId") VALUES (14, 'How easy was to use our application?', 0, 3);
INSERT INTO public."SurveyQuestions" ("Id", "Content", "Grade", "SurveyCategoryId") VALUES (13, 'How good were procedure for booking appointment?', 0, 3);
INSERT INTO public."SurveyQuestions" ("Id", "Content", "Grade", "SurveyCategoryId") VALUES (12, 'How would you rate hospitals'' hygiene?', 0, 3);
INSERT INTO public."SurveyQuestions" ("Id", "Content", "Grade", "SurveyCategoryId") VALUES (20, 'Your general grade for doctors'' service', 0, 4);
INSERT INTO public."SurveyQuestions" ("Id", "Content", "Grade", "SurveyCategoryId") VALUES (11, 'How would you rate our appointment organisation?', 0, 3);
INSERT INTO public."SurveyQuestions" ("Id", "Content", "Grade", "SurveyCategoryId") VALUES (9, 'How good has stuff explained you our procedures?', 0, 2);
INSERT INTO public."SurveyQuestions" ("Id", "Content", "Grade", "SurveyCategoryId") VALUES (8, 'How prepared were stuff for emergency situations?', 0, 2);
INSERT INTO public."SurveyQuestions" ("Id", "Content", "Grade", "SurveyCategoryId") VALUES (7, 'How would you rate time span that you spend waiting untill doctor attended you?', 0, 2);
INSERT INTO public."SurveyQuestions" ("Id", "Content", "Grade", "SurveyCategoryId") VALUES (6, 'How much our medical staff were polite?', 0, 2);
INSERT INTO public."SurveyQuestions" ("Id", "Content", "Grade", "SurveyCategoryId") VALUES (5, 'Your general grade for doctors'' service', 0, 1);
INSERT INTO public."SurveyQuestions" ("Id", "Content", "Grade", "SurveyCategoryId") VALUES (4, 'How would you rate doctors'' professionalism?', 0, 1);
INSERT INTO public."SurveyQuestions" ("Id", "Content", "Grade", "SurveyCategoryId") VALUES (3, 'Has he explained you your condition enough that you can understand it?', 0, 1);
INSERT INTO public."SurveyQuestions" ("Id", "Content", "Grade", "SurveyCategoryId") VALUES (2, 'Has doctor been polite?', 0, 1);
INSERT INTO public."SurveyQuestions" ("Id", "Content", "Grade", "SurveyCategoryId") VALUES (10, 'Your general grade for medical stuffs'' service', 0, 2);
INSERT INTO public."SurveyQuestions" ("Id", "Content", "Grade", "SurveyCategoryId") VALUES (21, 'How much our medical staff were polite?', 0, 5);
INSERT INTO public."SurveyQuestions" ("Id", "Content", "Grade", "SurveyCategoryId") VALUES (22, 'How would you rate time span that you spend waiting untill doctor attended you?', 0, 5);
INSERT INTO public."SurveyQuestions" ("Id", "Content", "Grade", "SurveyCategoryId") VALUES (23, 'How prepared were stuff for emergency situations?', 0, 5);
INSERT INTO public."SurveyQuestions" ("Id", "Content", "Grade", "SurveyCategoryId") VALUES (42, 'How would you rate hospitals'' hygiene?', 0, 9);
INSERT INTO public."SurveyQuestions" ("Id", "Content", "Grade", "SurveyCategoryId") VALUES (41, 'How would you rate our appointment organisation?', 0, 9);
INSERT INTO public."SurveyQuestions" ("Id", "Content", "Grade", "SurveyCategoryId") VALUES (40, 'Your general grade for medical stuffs'' service', 0, 8);
INSERT INTO public."SurveyQuestions" ("Id", "Content", "Grade", "SurveyCategoryId") VALUES (39, 'How good has stuff explained you our procedures?', 0, 8);
INSERT INTO public."SurveyQuestions" ("Id", "Content", "Grade", "SurveyCategoryId") VALUES (38, 'How prepared were stuff for emergency situations?', 0, 8);
INSERT INTO public."SurveyQuestions" ("Id", "Content", "Grade", "SurveyCategoryId") VALUES (37, 'How would you rate time span that you spend waiting untill doctor attended you?', 0, 8);
INSERT INTO public."SurveyQuestions" ("Id", "Content", "Grade", "SurveyCategoryId") VALUES (36, 'How much our medical staff were polite?', 0, 8);
INSERT INTO public."SurveyQuestions" ("Id", "Content", "Grade", "SurveyCategoryId") VALUES (35, 'Your general grade for doctors'' service', 0, 7);
INSERT INTO public."SurveyQuestions" ("Id", "Content", "Grade", "SurveyCategoryId") VALUES (34, 'How would you rate doctors'' professionalism?', 0, 7);
INSERT INTO public."SurveyQuestions" ("Id", "Content", "Grade", "SurveyCategoryId") VALUES (33, 'Has he explained you your condition enough that you can understand it?', 0, 7);
INSERT INTO public."SurveyQuestions" ("Id", "Content", "Grade", "SurveyCategoryId") VALUES (32, 'Has doctor been polite?', 0, 7);
INSERT INTO public."SurveyQuestions" ("Id", "Content", "Grade", "SurveyCategoryId") VALUES (31, 'How careful did doctor listen you?', 0, 7);
INSERT INTO public."SurveyQuestions" ("Id", "Content", "Grade", "SurveyCategoryId") VALUES (30, 'Your general grade for whole hospital'' service', 0, 6);
INSERT INTO public."SurveyQuestions" ("Id", "Content", "Grade", "SurveyCategoryId") VALUES (29, 'How easy was to use our application?', 0, 6);
INSERT INTO public."SurveyQuestions" ("Id", "Content", "Grade", "SurveyCategoryId") VALUES (28, 'How good were procedure for booking appointment?', 0, 6);
INSERT INTO public."SurveyQuestions" ("Id", "Content", "Grade", "SurveyCategoryId") VALUES (27, 'How would you rate hospitals'' hygiene?', 0, 6);
INSERT INTO public."SurveyQuestions" ("Id", "Content", "Grade", "SurveyCategoryId") VALUES (26, 'How would you rate our appointment organisation?', 0, 6);
INSERT INTO public."SurveyQuestions" ("Id", "Content", "Grade", "SurveyCategoryId") VALUES (25, 'Your general grade for medical stuffs'' service', 0, 5);
INSERT INTO public."SurveyQuestions" ("Id", "Content", "Grade", "SurveyCategoryId") VALUES (24, 'How good has stuff explained you our procedures?', 0, 5);
INSERT INTO public."SurveyQuestions" ("Id", "Content", "Grade", "SurveyCategoryId") VALUES (44, 'How easy was to use our application?', 0, 9);
INSERT INTO public."SurveyQuestions" ("Id", "Content", "Grade", "SurveyCategoryId") VALUES (89, 'How easy was to use our application?', 0, 18);
INSERT INTO public."SurveyQuestions" ("Id", "Content", "Grade", "SurveyCategoryId") VALUES (90, 'Your general grade for whole hospital'' service', 0, 18);
INSERT INTO public."SurveyQuestions" ("Id", "Content", "Grade", "SurveyCategoryId") VALUES (91, 'How careful did doctor listen you?', 0, 19);
INSERT INTO public."SurveyQuestions" ("Id", "Content", "Grade", "SurveyCategoryId") VALUES (155, 'Your general grade for doctors'' service', 0, 31);
INSERT INTO public."SurveyQuestions" ("Id", "Content", "Grade", "SurveyCategoryId") VALUES (154, 'How would you rate doctors'' professionalism?', 0, 31);
INSERT INTO public."SurveyQuestions" ("Id", "Content", "Grade", "SurveyCategoryId") VALUES (153, 'Has he explained you your condition enough that you can understand it?', 0, 31);
INSERT INTO public."SurveyQuestions" ("Id", "Content", "Grade", "SurveyCategoryId") VALUES (152, 'Has doctor been polite?', 0, 31);
INSERT INTO public."SurveyQuestions" ("Id", "Content", "Grade", "SurveyCategoryId") VALUES (151, 'How careful did doctor listen you?', 0, 31);
INSERT INTO public."SurveyQuestions" ("Id", "Content", "Grade", "SurveyCategoryId") VALUES (150, 'Your general grade for whole hospital'' service', 3, 30);
INSERT INTO public."SurveyQuestions" ("Id", "Content", "Grade", "SurveyCategoryId") VALUES (149, 'How easy was to use our application?', 5, 30);
INSERT INTO public."SurveyQuestions" ("Id", "Content", "Grade", "SurveyCategoryId") VALUES (148, 'How good were procedure for booking appointment?', 4, 30);
INSERT INTO public."SurveyQuestions" ("Id", "Content", "Grade", "SurveyCategoryId") VALUES (156, 'How much our medical staff were polite?', 0, 32);
INSERT INTO public."SurveyQuestions" ("Id", "Content", "Grade", "SurveyCategoryId") VALUES (147, 'How would you rate hospitals'' hygiene?', 4, 30);
INSERT INTO public."SurveyQuestions" ("Id", "Content", "Grade", "SurveyCategoryId") VALUES (145, 'Your general grade for medical stuffs'' service', 3, 29);
INSERT INTO public."SurveyQuestions" ("Id", "Content", "Grade", "SurveyCategoryId") VALUES (144, 'How good has stuff explained you our procedures?', 5, 29);
INSERT INTO public."SurveyQuestions" ("Id", "Content", "Grade", "SurveyCategoryId") VALUES (143, 'How prepared were stuff for emergency situations?', 4, 29);
INSERT INTO public."SurveyQuestions" ("Id", "Content", "Grade", "SurveyCategoryId") VALUES (142, 'How would you rate time span that you spend waiting untill doctor attended you?', 3, 29);
INSERT INTO public."SurveyQuestions" ("Id", "Content", "Grade", "SurveyCategoryId") VALUES (141, 'How much our medical staff were polite?', 2, 29);
INSERT INTO public."SurveyQuestions" ("Id", "Content", "Grade", "SurveyCategoryId") VALUES (140, 'Your general grade for doctors'' service', 3, 28);
INSERT INTO public."SurveyQuestions" ("Id", "Content", "Grade", "SurveyCategoryId") VALUES (139, 'How would you rate doctors'' professionalism?', 5, 28);
INSERT INTO public."SurveyQuestions" ("Id", "Content", "Grade", "SurveyCategoryId") VALUES (138, 'Has he explained you your condition enough that you can understand it?', 4, 28);
INSERT INTO public."SurveyQuestions" ("Id", "Content", "Grade", "SurveyCategoryId") VALUES (146, 'How would you rate our appointment organisation?', 1, 30);
INSERT INTO public."SurveyQuestions" ("Id", "Content", "Grade", "SurveyCategoryId") VALUES (157, 'How would you rate time span that you spend waiting untill doctor attended you?', 0, 32);
INSERT INTO public."SurveyQuestions" ("Id", "Content", "Grade", "SurveyCategoryId") VALUES (158, 'How prepared were stuff for emergency situations?', 0, 32);
INSERT INTO public."SurveyQuestions" ("Id", "Content", "Grade", "SurveyCategoryId") VALUES (159, 'How good has stuff explained you our procedures?', 0, 32);
INSERT INTO public."SurveyQuestions" ("Id", "Content", "Grade", "SurveyCategoryId") VALUES (178, 'How good were procedure for booking appointment?', 0, 36);
INSERT INTO public."SurveyQuestions" ("Id", "Content", "Grade", "SurveyCategoryId") VALUES (177, 'How would you rate hospitals'' hygiene?', 0, 36);
INSERT INTO public."SurveyQuestions" ("Id", "Content", "Grade", "SurveyCategoryId") VALUES (176, 'How would you rate our appointment organisation?', 0, 36);
INSERT INTO public."SurveyQuestions" ("Id", "Content", "Grade", "SurveyCategoryId") VALUES (175, 'Your general grade for medical stuffs'' service', 0, 35);
INSERT INTO public."SurveyQuestions" ("Id", "Content", "Grade", "SurveyCategoryId") VALUES (174, 'How good has stuff explained you our procedures?', 0, 35);
INSERT INTO public."SurveyQuestions" ("Id", "Content", "Grade", "SurveyCategoryId") VALUES (173, 'How prepared were stuff for emergency situations?', 0, 35);
INSERT INTO public."SurveyQuestions" ("Id", "Content", "Grade", "SurveyCategoryId") VALUES (172, 'How would you rate time span that you spend waiting untill doctor attended you?', 0, 35);
INSERT INTO public."SurveyQuestions" ("Id", "Content", "Grade", "SurveyCategoryId") VALUES (171, 'How much our medical staff were polite?', 0, 35);
INSERT INTO public."SurveyQuestions" ("Id", "Content", "Grade", "SurveyCategoryId") VALUES (170, 'Your general grade for doctors'' service', 0, 34);
INSERT INTO public."SurveyQuestions" ("Id", "Content", "Grade", "SurveyCategoryId") VALUES (169, 'How would you rate doctors'' professionalism?', 0, 34);
INSERT INTO public."SurveyQuestions" ("Id", "Content", "Grade", "SurveyCategoryId") VALUES (168, 'Has he explained you your condition enough that you can understand it?', 0, 34);
INSERT INTO public."SurveyQuestions" ("Id", "Content", "Grade", "SurveyCategoryId") VALUES (167, 'Has doctor been polite?', 0, 34);
INSERT INTO public."SurveyQuestions" ("Id", "Content", "Grade", "SurveyCategoryId") VALUES (166, 'How careful did doctor listen you?', 0, 34);
INSERT INTO public."SurveyQuestions" ("Id", "Content", "Grade", "SurveyCategoryId") VALUES (165, 'Your general grade for whole hospital'' service', 0, 33);
INSERT INTO public."SurveyQuestions" ("Id", "Content", "Grade", "SurveyCategoryId") VALUES (164, 'How easy was to use our application?', 0, 33);
INSERT INTO public."SurveyQuestions" ("Id", "Content", "Grade", "SurveyCategoryId") VALUES (163, 'How good were procedure for booking appointment?', 0, 33);
INSERT INTO public."SurveyQuestions" ("Id", "Content", "Grade", "SurveyCategoryId") VALUES (162, 'How would you rate hospitals'' hygiene?', 0, 33);
INSERT INTO public."SurveyQuestions" ("Id", "Content", "Grade", "SurveyCategoryId") VALUES (161, 'How would you rate our appointment organisation?', 0, 33);
INSERT INTO public."SurveyQuestions" ("Id", "Content", "Grade", "SurveyCategoryId") VALUES (160, 'Your general grade for medical stuffs'' service', 0, 32);
INSERT INTO public."SurveyQuestions" ("Id", "Content", "Grade", "SurveyCategoryId") VALUES (137, 'Has doctor been polite?', 3, 28);
INSERT INTO public."SurveyQuestions" ("Id", "Content", "Grade", "SurveyCategoryId") VALUES (136, 'How careful did doctor listen you?', 1, 28);
INSERT INTO public."SurveyQuestions" ("Id", "Content", "Grade", "SurveyCategoryId") VALUES (135, 'Your general grade for whole hospital'' service', 0, 27);
INSERT INTO public."SurveyQuestions" ("Id", "Content", "Grade", "SurveyCategoryId") VALUES (134, 'How easy was to use our application?', 0, 27);
INSERT INTO public."SurveyQuestions" ("Id", "Content", "Grade", "SurveyCategoryId") VALUES (110, 'Your general grade for doctors'' service', 0, 22);
INSERT INTO public."SurveyQuestions" ("Id", "Content", "Grade", "SurveyCategoryId") VALUES (109, 'How would you rate doctors'' professionalism?', 0, 22);
INSERT INTO public."SurveyQuestions" ("Id", "Content", "Grade", "SurveyCategoryId") VALUES (108, 'Has he explained you your condition enough that you can understand it?', 0, 22);
INSERT INTO public."SurveyQuestions" ("Id", "Content", "Grade", "SurveyCategoryId") VALUES (107, 'Has doctor been polite?', 0, 22);
INSERT INTO public."SurveyQuestions" ("Id", "Content", "Grade", "SurveyCategoryId") VALUES (106, 'How careful did doctor listen you?', 0, 22);
INSERT INTO public."SurveyQuestions" ("Id", "Content", "Grade", "SurveyCategoryId") VALUES (105, 'Your general grade for whole hospital'' service', 0, 21);
INSERT INTO public."SurveyQuestions" ("Id", "Content", "Grade", "SurveyCategoryId") VALUES (104, 'How easy was to use our application?', 0, 21);
INSERT INTO public."SurveyQuestions" ("Id", "Content", "Grade", "SurveyCategoryId") VALUES (103, 'How good were procedure for booking appointment?', 0, 21);
INSERT INTO public."SurveyQuestions" ("Id", "Content", "Grade", "SurveyCategoryId") VALUES (102, 'How would you rate hospitals'' hygiene?', 0, 21);
INSERT INTO public."SurveyQuestions" ("Id", "Content", "Grade", "SurveyCategoryId") VALUES (101, 'How would you rate our appointment organisation?', 0, 21);
INSERT INTO public."SurveyQuestions" ("Id", "Content", "Grade", "SurveyCategoryId") VALUES (100, 'Your general grade for medical stuffs'' service', 0, 20);
INSERT INTO public."SurveyQuestions" ("Id", "Content", "Grade", "SurveyCategoryId") VALUES (99, 'How good has stuff explained you our procedures?', 0, 20);
INSERT INTO public."SurveyQuestions" ("Id", "Content", "Grade", "SurveyCategoryId") VALUES (98, 'How prepared were stuff for emergency situations?', 0, 20);
INSERT INTO public."SurveyQuestions" ("Id", "Content", "Grade", "SurveyCategoryId") VALUES (97, 'How would you rate time span that you spend waiting untill doctor attended you?', 0, 20);
INSERT INTO public."SurveyQuestions" ("Id", "Content", "Grade", "SurveyCategoryId") VALUES (96, 'How much our medical staff were polite?', 0, 20);
INSERT INTO public."SurveyQuestions" ("Id", "Content", "Grade", "SurveyCategoryId") VALUES (95, 'Your general grade for doctors'' service', 0, 19);
INSERT INTO public."SurveyQuestions" ("Id", "Content", "Grade", "SurveyCategoryId") VALUES (94, 'How would you rate doctors'' professionalism?', 0, 19);
INSERT INTO public."SurveyQuestions" ("Id", "Content", "Grade", "SurveyCategoryId") VALUES (93, 'Has he explained you your condition enough that you can understand it?', 0, 19);
INSERT INTO public."SurveyQuestions" ("Id", "Content", "Grade", "SurveyCategoryId") VALUES (92, 'Has doctor been polite?', 0, 19);
INSERT INTO public."SurveyQuestions" ("Id", "Content", "Grade", "SurveyCategoryId") VALUES (111, 'How much our medical staff were polite?', 0, 23);
INSERT INTO public."SurveyQuestions" ("Id", "Content", "Grade", "SurveyCategoryId") VALUES (359, 'How easy was to use our application?', 0, 72);
INSERT INTO public."SurveyQuestions" ("Id", "Content", "Grade", "SurveyCategoryId") VALUES (112, 'How would you rate time span that you spend waiting untill doctor attended you?', 0, 23);
INSERT INTO public."SurveyQuestions" ("Id", "Content", "Grade", "SurveyCategoryId") VALUES (114, 'How good has stuff explained you our procedures?', 0, 23);
INSERT INTO public."SurveyQuestions" ("Id", "Content", "Grade", "SurveyCategoryId") VALUES (133, 'How good were procedure for booking appointment?', 0, 27);
INSERT INTO public."SurveyQuestions" ("Id", "Content", "Grade", "SurveyCategoryId") VALUES (132, 'How would you rate hospitals'' hygiene?', 0, 27);
INSERT INTO public."SurveyQuestions" ("Id", "Content", "Grade", "SurveyCategoryId") VALUES (131, 'How would you rate our appointment organisation?', 0, 27);
INSERT INTO public."SurveyQuestions" ("Id", "Content", "Grade", "SurveyCategoryId") VALUES (130, 'Your general grade for medical stuffs'' service', 0, 26);
INSERT INTO public."SurveyQuestions" ("Id", "Content", "Grade", "SurveyCategoryId") VALUES (129, 'How good has stuff explained you our procedures?', 0, 26);
INSERT INTO public."SurveyQuestions" ("Id", "Content", "Grade", "SurveyCategoryId") VALUES (128, 'How prepared were stuff for emergency situations?', 0, 26);
INSERT INTO public."SurveyQuestions" ("Id", "Content", "Grade", "SurveyCategoryId") VALUES (127, 'How would you rate time span that you spend waiting untill doctor attended you?', 0, 26);
INSERT INTO public."SurveyQuestions" ("Id", "Content", "Grade", "SurveyCategoryId") VALUES (126, 'How much our medical staff were polite?', 0, 26);
INSERT INTO public."SurveyQuestions" ("Id", "Content", "Grade", "SurveyCategoryId") VALUES (125, 'Your general grade for doctors'' service', 0, 25);
INSERT INTO public."SurveyQuestions" ("Id", "Content", "Grade", "SurveyCategoryId") VALUES (124, 'How would you rate doctors'' professionalism?', 0, 25);
INSERT INTO public."SurveyQuestions" ("Id", "Content", "Grade", "SurveyCategoryId") VALUES (123, 'Has he explained you your condition enough that you can understand it?', 0, 25);
INSERT INTO public."SurveyQuestions" ("Id", "Content", "Grade", "SurveyCategoryId") VALUES (122, 'Has doctor been polite?', 0, 25);
INSERT INTO public."SurveyQuestions" ("Id", "Content", "Grade", "SurveyCategoryId") VALUES (121, 'How careful did doctor listen you?', 0, 25);
INSERT INTO public."SurveyQuestions" ("Id", "Content", "Grade", "SurveyCategoryId") VALUES (120, 'Your general grade for whole hospital'' service', 0, 24);
INSERT INTO public."SurveyQuestions" ("Id", "Content", "Grade", "SurveyCategoryId") VALUES (119, 'How easy was to use our application?', 0, 24);
INSERT INTO public."SurveyQuestions" ("Id", "Content", "Grade", "SurveyCategoryId") VALUES (118, 'How good were procedure for booking appointment?', 0, 24);
INSERT INTO public."SurveyQuestions" ("Id", "Content", "Grade", "SurveyCategoryId") VALUES (117, 'How would you rate hospitals'' hygiene?', 0, 24);
INSERT INTO public."SurveyQuestions" ("Id", "Content", "Grade", "SurveyCategoryId") VALUES (116, 'How would you rate our appointment organisation?', 0, 24);
INSERT INTO public."SurveyQuestions" ("Id", "Content", "Grade", "SurveyCategoryId") VALUES (115, 'Your general grade for medical stuffs'' service', 0, 23);
INSERT INTO public."SurveyQuestions" ("Id", "Content", "Grade", "SurveyCategoryId") VALUES (113, 'How prepared were stuff for emergency situations?', 0, 23);
INSERT INTO public."SurveyQuestions" ("Id", "Content", "Grade", "SurveyCategoryId") VALUES (360, 'Your general grade for whole hospital'' service', 0, 72);


--
-- TOC entry 3533 (class 0 OID 43694)
-- Dependencies: 234
-- Data for Name: TenderResponses; Type: TABLE DATA; Schema: public; Owner: postgres
--



--
-- TOC entry 3551 (class 0 OID 43780)
-- Dependencies: 252
-- Data for Name: TenderResponses_TenderItems; Type: TABLE DATA; Schema: public; Owner: postgres
--



--
-- TOC entry 3535 (class 0 OID 43702)
-- Dependencies: 236
-- Data for Name: Tenders; Type: TABLE DATA; Schema: public; Owner: postgres
--



--
-- TOC entry 3553 (class 0 OID 43793)
-- Dependencies: 254
-- Data for Name: Tenders_TenderItems; Type: TABLE DATA; Schema: public; Owner: postgres
--



--
-- TOC entry 3537 (class 0 OID 43710)
-- Dependencies: 238
-- Data for Name: Transfer; Type: TABLE DATA; Schema: public; Owner: postgres
--

INSERT INTO public."Transfer" ("Id", "Equipment", "Quantity", "SourceRoomId", "DestinationRoomId", "Date", "Duration") VALUES (6, 'Needle', 5, 1, 51, '2022-08-22 09:30:00', 60);
INSERT INTO public."Transfer" ("Id", "Equipment", "Quantity", "SourceRoomId", "DestinationRoomId", "Date", "Duration") VALUES (2, 'Bed', 4, 50, 60, '2021-11-30 12:00:00', 45);
INSERT INTO public."Transfer" ("Id", "Equipment", "Quantity", "SourceRoomId", "DestinationRoomId", "Date", "Duration") VALUES (1, 'Bed', 2, 1, 2, '2021-11-25 09:30:00', 60);
INSERT INTO public."Transfer" ("Id", "Equipment", "Quantity", "SourceRoomId", "DestinationRoomId", "Date", "Duration") VALUES (4, 'Bandage', 4, 47, 62, '2021-11-24 09:30:00', 15);
INSERT INTO public."Transfer" ("Id", "Equipment", "Quantity", "SourceRoomId", "DestinationRoomId", "Date", "Duration") VALUES (3, 'TV', 1, 45, 52, '2021-11-24 10:00:00', 45);
INSERT INTO public."Transfer" ("Id", "Equipment", "Quantity", "SourceRoomId", "DestinationRoomId", "Date", "Duration") VALUES (5, 'Blanket', 10, 18, 23, '2021-11-28 14:00:00', 15);


--
-- TOC entry 3539 (class 0 OID 43718)
-- Dependencies: 240
-- Data for Name: Vacations; Type: TABLE DATA; Schema: public; Owner: postgres
--

INSERT INTO public."Vacations" ("Id", "Description", "StartTime", "EndTime", "DoctorId") VALUES (30, 'Description...', '2022-06-16 00:00:00', '2022-07-06 23:00:00', 6);
INSERT INTO public."Vacations" ("Id", "Description", "StartTime", "EndTime", "DoctorId") VALUES (29, 'Description...', '2022-05-17 00:00:00', '2022-06-05 23:00:00', 5);
INSERT INTO public."Vacations" ("Id", "Description", "StartTime", "EndTime", "DoctorId") VALUES (28, 'Description...', '2022-04-18 00:00:00', '2022-05-05 23:00:00', 4);
INSERT INTO public."Vacations" ("Id", "Description", "StartTime", "EndTime", "DoctorId") VALUES (27, 'Description...', '2022-03-19 00:00:00', '2022-04-04 23:00:00', 3);
INSERT INTO public."Vacations" ("Id", "Description", "StartTime", "EndTime", "DoctorId") VALUES (26, 'Description...', '2022-02-20 00:00:00', '2022-03-03 23:00:00', 2);
INSERT INTO public."Vacations" ("Id", "Description", "StartTime", "EndTime", "DoctorId") VALUES (25, 'Description...', '2022-01-21 00:00:00', '2022-02-02 23:00:00', 1);
INSERT INTO public."Vacations" ("Id", "Description", "StartTime", "EndTime", "DoctorId") VALUES (16, 'Description...', '2021-04-30 00:00:00', '2021-05-05 23:00:00', 4);
INSERT INTO public."Vacations" ("Id", "Description", "StartTime", "EndTime", "DoctorId") VALUES (23, 'Description...', '2022-11-23 00:00:00', '2022-12-12 23:00:00', 5);
INSERT INTO public."Vacations" ("Id", "Description", "StartTime", "EndTime", "DoctorId") VALUES (22, 'Description...', '2022-10-24 00:00:00', '2022-11-11 23:00:00', 4);
INSERT INTO public."Vacations" ("Id", "Description", "StartTime", "EndTime", "DoctorId") VALUES (21, 'Description...', '2022-09-25 00:00:00', '2022-10-10 23:00:00', 3);
INSERT INTO public."Vacations" ("Id", "Description", "StartTime", "EndTime", "DoctorId") VALUES (20, 'Description...', '2021-08-26 00:00:00', '2021-09-09 23:00:00', 2);
INSERT INTO public."Vacations" ("Id", "Description", "StartTime", "EndTime", "DoctorId") VALUES (19, 'Description...', '2021-07-27 00:00:00', '2021-08-08 23:00:00', 1);
INSERT INTO public."Vacations" ("Id", "Description", "StartTime", "EndTime", "DoctorId") VALUES (18, 'Description...', '2021-06-28 00:00:00', '2021-07-07 23:00:00', 6);
INSERT INTO public."Vacations" ("Id", "Description", "StartTime", "EndTime", "DoctorId") VALUES (17, 'Description...', '2021-05-29 00:00:00', '2021-06-06 23:00:00', 5);
INSERT INTO public."Vacations" ("Id", "Description", "StartTime", "EndTime", "DoctorId") VALUES (24, 'Description...', '2022-12-22 00:00:00', '2022-12-29 23:00:00', 6);
INSERT INTO public."Vacations" ("Id", "Description", "StartTime", "EndTime", "DoctorId") VALUES (15, 'Description...', '2021-03-01 00:00:00', '2021-03-18 23:00:00', 3);
INSERT INTO public."Vacations" ("Id", "Description", "StartTime", "EndTime", "DoctorId") VALUES (13, 'Description...', '2021-01-03 00:00:00', '2021-02-10 23:00:00', 1);
INSERT INTO public."Vacations" ("Id", "Description", "StartTime", "EndTime", "DoctorId") VALUES (12, 'Description...', '2021-12-04 00:00:00', '2021-12-18 23:00:00', 6);
INSERT INTO public."Vacations" ("Id", "Description", "StartTime", "EndTime", "DoctorId") VALUES (11, 'Description...', '2021-11-05 00:00:00', '2021-11-19 23:00:00', 5);
INSERT INTO public."Vacations" ("Id", "Description", "StartTime", "EndTime", "DoctorId") VALUES (10, 'Description...', '2020-10-06 00:00:00', '2020-10-17 23:00:00', 4);
INSERT INTO public."Vacations" ("Id", "Description", "StartTime", "EndTime", "DoctorId") VALUES (9, 'Description...', '2020-09-07 00:00:00', '2020-09-15 23:00:00', 3);
INSERT INTO public."Vacations" ("Id", "Description", "StartTime", "EndTime", "DoctorId") VALUES (8, 'Description...', '2020-08-08 00:00:00', '2020-08-28 23:00:00', 2);
INSERT INTO public."Vacations" ("Id", "Description", "StartTime", "EndTime", "DoctorId") VALUES (7, 'Description...', '2020-07-09 00:00:00', '2020-07-20 23:00:00', 1);
INSERT INTO public."Vacations" ("Id", "Description", "StartTime", "EndTime", "DoctorId") VALUES (6, 'Description...', '2020-06-10 00:00:00', '2020-07-07 23:00:00', 6);
INSERT INTO public."Vacations" ("Id", "Description", "StartTime", "EndTime", "DoctorId") VALUES (5, 'Description...', '2020-05-11 00:00:00', '2020-05-23 23:00:00', 5);
INSERT INTO public."Vacations" ("Id", "Description", "StartTime", "EndTime", "DoctorId") VALUES (4, 'Description...', '2020-04-12 00:00:00', '2020-04-22 23:00:00', 4);
INSERT INTO public."Vacations" ("Id", "Description", "StartTime", "EndTime", "DoctorId") VALUES (3, 'Description...', '2020-03-13 00:00:00', '2020-03-21 23:00:00', 3);
INSERT INTO public."Vacations" ("Id", "Description", "StartTime", "EndTime", "DoctorId") VALUES (2, 'Description...', '2020-02-14 00:00:00', '2020-02-20 23:00:00', 2);
INSERT INTO public."Vacations" ("Id", "Description", "StartTime", "EndTime", "DoctorId") VALUES (1, 'Description...', '2020-01-15 00:00:00', '2020-02-01 23:00:00', 1);
INSERT INTO public."Vacations" ("Id", "Description", "StartTime", "EndTime", "DoctorId") VALUES (14, 'Description...', '2021-02-02 00:00:00', '2021-02-12 23:00:00', 2);


--
-- TOC entry 3549 (class 0 OID 43769)
-- Dependencies: 250
-- Data for Name: WorkDay; Type: TABLE DATA; Schema: public; Owner: postgres
--



--
-- TOC entry 3541 (class 0 OID 43726)
-- Dependencies: 242
-- Data for Name: WorkDayShift; Type: TABLE DATA; Schema: public; Owner: postgres
--

INSERT INTO public."WorkDayShift" ("Id", "Name", "StartTime", "EndTime") VALUES (1, 'First', '2022-02-22 07:00:00', '2022-02-22 13:00:00');
INSERT INTO public."WorkDayShift" ("Id", "Name", "StartTime", "EndTime") VALUES (2, 'Second', '2022-02-22 13:00:00', '2022-02-22 19:00:00');


--
-- TOC entry 3508 (class 0 OID 43601)
-- Dependencies: 209
-- Data for Name: __EFMigrationsHistory; Type: TABLE DATA; Schema: public; Owner: postgres
--

INSERT INTO public."__EFMigrationsHistory" ("MigrationId", "ProductVersion") VALUES ('20220109190055_InitMigration', '5.0.11');


--
-- TOC entry 3566 (class 0 OID 0)
-- Dependencies: 210
-- Name: Allergens_Id_seq; Type: SEQUENCE SET; Schema: public; Owner: postgres
--

SELECT pg_catalog.setval('public."Allergens_Id_seq"', 11, false);


--
-- TOC entry 3567 (class 0 OID 0)
-- Dependencies: 212
-- Name: Appointments_Id_seq; Type: SEQUENCE SET; Schema: public; Owner: postgres
--

SELECT pg_catalog.setval('public."Appointments_Id_seq"', 25, false);


--
-- TOC entry 3568 (class 0 OID 0)
-- Dependencies: 214
-- Name: Buildings_Id_seq; Type: SEQUENCE SET; Schema: public; Owner: postgres
--

SELECT pg_catalog.setval('public."Buildings_Id_seq"', 8, false);


--
-- TOC entry 3569 (class 0 OID 0)
-- Dependencies: 245
-- Name: Day_DayId_seq; Type: SEQUENCE SET; Schema: public; Owner: postgres
--

SELECT pg_catalog.setval('public."Day_DayId_seq"', 1, false);


--
-- TOC entry 3570 (class 0 OID 0)
-- Dependencies: 217
-- Name: Doctors_Id_seq; Type: SEQUENCE SET; Schema: public; Owner: postgres
--

SELECT pg_catalog.setval('public."Doctors_Id_seq"', 7, false);


--
-- TOC entry 3571 (class 0 OID 0)
-- Dependencies: 219
-- Name: Equipments_Id_seq; Type: SEQUENCE SET; Schema: public; Owner: postgres
--

SELECT pg_catalog.setval('public."Equipments_Id_seq"', 56, false);


--
-- TOC entry 3572 (class 0 OID 0)
-- Dependencies: 221
-- Name: FeedbackMessages_Id_seq; Type: SEQUENCE SET; Schema: public; Owner: postgres
--

SELECT pg_catalog.setval('public."FeedbackMessages_Id_seq"', 9, false);


--
-- TOC entry 3573 (class 0 OID 0)
-- Dependencies: 223
-- Name: Floors_Id_seq; Type: SEQUENCE SET; Schema: public; Owner: postgres
--

SELECT pg_catalog.setval('public."Floors_Id_seq"', 11, false);


--
-- TOC entry 3574 (class 0 OID 0)
-- Dependencies: 225
-- Name: Medicines_Id_seq; Type: SEQUENCE SET; Schema: public; Owner: postgres
--

SELECT pg_catalog.setval('public."Medicines_Id_seq"', 1, false);


--
-- TOC entry 3575 (class 0 OID 0)
-- Dependencies: 227
-- Name: OnCallShifts_Id_seq; Type: SEQUENCE SET; Schema: public; Owner: postgres
--

SELECT pg_catalog.setval('public."OnCallShifts_Id_seq"', 7, false);


--
-- TOC entry 3576 (class 0 OID 0)
-- Dependencies: 247
-- Name: Patients_Id_seq; Type: SEQUENCE SET; Schema: public; Owner: postgres
--

SELECT pg_catalog.setval('public."Patients_Id_seq"', 9, false);


--
-- TOC entry 3577 (class 0 OID 0)
-- Dependencies: 258
-- Name: Prescriptions_Id_seq; Type: SEQUENCE SET; Schema: public; Owner: postgres
--

SELECT pg_catalog.setval('public."Prescriptions_Id_seq"', 1, false);


--
-- TOC entry 3578 (class 0 OID 0)
-- Dependencies: 229
-- Name: Renovations_Id_seq; Type: SEQUENCE SET; Schema: public; Owner: postgres
--

SELECT pg_catalog.setval('public."Renovations_Id_seq"', 4, false);


--
-- TOC entry 3579 (class 0 OID 0)
-- Dependencies: 231
-- Name: Rooms_Id_seq; Type: SEQUENCE SET; Schema: public; Owner: postgres
--

SELECT pg_catalog.setval('public."Rooms_Id_seq"', 71, false);


--
-- TOC entry 3580 (class 0 OID 0)
-- Dependencies: 255
-- Name: SurveyCategories_Id_seq; Type: SEQUENCE SET; Schema: public; Owner: postgres
--

SELECT pg_catalog.setval('public."SurveyCategories_Id_seq"', 73, false);


--
-- TOC entry 3581 (class 0 OID 0)
-- Dependencies: 260
-- Name: SurveyQuestions_Id_seq; Type: SEQUENCE SET; Schema: public; Owner: postgres
--

SELECT pg_catalog.setval('public."SurveyQuestions_Id_seq"', 361, false);


--
-- TOC entry 3582 (class 0 OID 0)
-- Dependencies: 243
-- Name: Surveys_Id_seq; Type: SEQUENCE SET; Schema: public; Owner: postgres
--

SELECT pg_catalog.setval('public."Surveys_Id_seq"', 25, false);


--
-- TOC entry 3583 (class 0 OID 0)
-- Dependencies: 233
-- Name: TenderResponses_Id_seq; Type: SEQUENCE SET; Schema: public; Owner: postgres
--

SELECT pg_catalog.setval('public."TenderResponses_Id_seq"', 1, false);


--
-- TOC entry 3584 (class 0 OID 0)
-- Dependencies: 251
-- Name: TenderResponses_TenderItems_Id_seq; Type: SEQUENCE SET; Schema: public; Owner: postgres
--

SELECT pg_catalog.setval('public."TenderResponses_TenderItems_Id_seq"', 1, false);


--
-- TOC entry 3585 (class 0 OID 0)
-- Dependencies: 235
-- Name: Tenders_Id_seq; Type: SEQUENCE SET; Schema: public; Owner: postgres
--

SELECT pg_catalog.setval('public."Tenders_Id_seq"', 1, false);


--
-- TOC entry 3586 (class 0 OID 0)
-- Dependencies: 253
-- Name: Tenders_TenderItems_Id_seq; Type: SEQUENCE SET; Schema: public; Owner: postgres
--

SELECT pg_catalog.setval('public."Tenders_TenderItems_Id_seq"', 1, false);


--
-- TOC entry 3587 (class 0 OID 0)
-- Dependencies: 237
-- Name: Transfer_Id_seq; Type: SEQUENCE SET; Schema: public; Owner: postgres
--

SELECT pg_catalog.setval('public."Transfer_Id_seq"', 7, false);


--
-- TOC entry 3588 (class 0 OID 0)
-- Dependencies: 239
-- Name: Vacations_Id_seq; Type: SEQUENCE SET; Schema: public; Owner: postgres
--

SELECT pg_catalog.setval('public."Vacations_Id_seq"', 31, false);


--
-- TOC entry 3589 (class 0 OID 0)
-- Dependencies: 241
-- Name: WorkDayShift_Id_seq; Type: SEQUENCE SET; Schema: public; Owner: postgres
--

SELECT pg_catalog.setval('public."WorkDayShift_Id_seq"', 3, false);


--
-- TOC entry 3590 (class 0 OID 0)
-- Dependencies: 249
-- Name: WorkDay_Id_seq; Type: SEQUENCE SET; Schema: public; Owner: postgres
--

SELECT pg_catalog.setval('public."WorkDay_Id_seq"', 1, false);


-- Completed on 2022-01-10 20:17:47

--
-- PostgreSQL database dump complete
--
